country,region,geo_risk_score,trade_openness_score,year,product_category,hs_code,import_value_usd,export_value_usd
United States,North America,2,9,2018,Electronics,8471,132865480726.66,167170261202.7
United States,North America,2,9,2018,Pharmaceuticals,3004,68859483826.93,33095600748.4
United States,North America,2,9,2018,Auto Parts,8708,53980086650.42,18807357259.66
United States,North America,2,9,2018,Semiconductors,8542,55670218641.62,60207634612.12
United States,North America,2,9,2018,Raw Materials,2601,42632860920.54,12695599889.83
United States,North America,2,9,2019,Electronics,8471,142644438915.19,198817471632.27
United States,North America,2,9,2019,Pharmaceuticals,3004,65274851820.06,33646817010.12
United States,North America,2,9,2019,Auto Parts,8708,58189252909.66,39610997194.46
United States,North America,2,9,2019,Semiconductors,8542,53977934882.06,46049967538.16
United States,North America,2,9,2019,Raw Materials,2601,40179373759.63,44036650208.1
United States,North America,2,9,2020,Electronics,8471,92520327931.21,61470068767.29
United States,North America,2,9,2020,Pharmaceuticals,3004,56903379021.14,50399008617.99
United States,North America,2,9,2020,Auto Parts,8708,57916412367.67,31249356633.04
United States,North America,2,9,2020,Semiconductors,8542,44649858939.56,47764618273.81
United States,North America,2,9,2020,Raw Materials,2601,30728444483.89,33499706152.37
United States,North America,2,9,2021,Electronics,8471,113861216908.37,40741780843.09
United States,North America,2,9,2021,Pharmaceuticals,3004,81922860736.91,128914079466.66
United States,North America,2,9,2021,Auto Parts,8708,70991897904.18,48361710395.97
United States,North America,2,9,2021,Semiconductors,8542,47614183492.03,56837745324.99
United States,North America,2,9,2021,Raw Materials,2601,42542221808.64,18495299723.8
United States,North America,2,9,2022,Electronics,8471,132807558713.44,42023565827.68
United States,North America,2,9,2022,Pharmaceuticals,3004,85332505167.4,52850940953.28
United States,North America,2,9,2022,Auto Parts,8708,71734957274.94,49555222443.53
United States,North America,2,9,2022,Semiconductors,8542,57343163162.14,57805284667.36
United States,North America,2,9,2022,Raw Materials,2601,41288808951.59,65192520935.46
China,Asia,7,8,2018,Electronics,8471,94124619594.14,123660249456.32
China,Asia,7,8,2018,Pharmaceuticals,3004,48915662097.93,65852665196.12
China,Asia,7,8,2018,Auto Parts,8708,37488194198.33,17813618934.69
China,Asia,7,8,2018,Semiconductors,8542,30777570173.03,19402069342.91
China,Asia,7,8,2018,Raw Materials,2601,27559790065.09,15588336435.69
China,Asia,7,8,2019,Electronics,8471,97590525881.39,65200619925.89
China,Asia,7,8,2019,Pharmaceuticals,3004,47424070713.52,42266005879.62
China,Asia,7,8,2019,Auto Parts,8708,40762794688.12,49022819716.24
China,Asia,7,8,2019,Semiconductors,8542,33210942901.47,47301161138.32
China,Asia,7,8,2019,Raw Materials,2601,32943446008.11,15762082232.65
China,Asia,7,8,2020,Electronics,8471,62775610575.95,76495453425.1
China,Asia,7,8,2020,Pharmaceuticals,3004,44733849396.86,49869680092.5
China,Asia,7,8,2020,Auto Parts,8708,40992994890.65,13480693210.02
China,Asia,7,8,2020,Semiconductors,8542,30248679709.41,11465546414.03
China,Asia,7,8,2020,Raw Materials,2601,28024904933.62,27687422083.64
China,Asia,7,8,2021,Electronics,8471,85220661054.34,26952740205.32
China,Asia,7,8,2021,Pharmaceuticals,3004,48391017931.2,30496986664.04
China,Asia,7,8,2021,Auto Parts,8708,49350275176.16,49600430024.67
China,Asia,7,8,2021,Semiconductors,8542,42944403081.19,34641442444.01
China,Asia,7,8,2021,Raw Materials,2601,27267333266.99,29882099961.07
China,Asia,7,8,2022,Electronics,8471,101893256128.29,93082814971.89
China,Asia,7,8,2022,Pharmaceuticals,3004,58389668315.26,48612593700.37
China,Asia,7,8,2022,Auto Parts,8708,48931444652.39,36847786328.3
China,Asia,7,8,2022,Semiconductors,8542,34733842389.94,12833102758.08
China,Asia,7,8,2022,Raw Materials,2601,27845491684.88,27948310982.39
Germany,Europe,2,9,2018,Electronics,8471,46318789779.54,69256537208.08
Germany,Europe,2,9,2018,Pharmaceuticals,3004,24414394454.86,20117874759.53
Germany,Europe,2,9,2018,Auto Parts,8708,25581568515.53,14808595027.31
Germany,Europe,2,9,2018,Semiconductors,8542,17287260664.38,11429722386.83
Germany,Europe,2,9,2018,Raw Materials,2601,14230123557.03,21702245186.15
Germany,Europe,2,9,2019,Electronics,8471,53911722219.45,60655812953.81
Germany,Europe,2,9,2019,Pharmaceuticals,3004,31342556592.99,42467825975.87
Germany,Europe,2,9,2019,Auto Parts,8708,22993544428.36,33914435227.72
Germany,Europe,2,9,2019,Semiconductors,8542,21399626524.95,29104438140.12
Germany,Europe,2,9,2019,Raw Materials,2601,18930559438.41,13238229022.55
Germany,Europe,2,9,2020,Electronics,8471,36159487892.82,20889787043.95
Germany,Europe,2,9,2020,Pharmaceuticals,3004,22888296676.16,31455842377.24
Germany,Europe,2,9,2020,Auto Parts,8708,23339095825.01,6520602067.64
Germany,Europe,2,9,2020,Semiconductors,8542,17606584548.07,14675173687.6
Germany,Europe,2,9,2020,Raw Materials,2601,12869518097.7,5557292730.53
Germany,Europe,2,9,2021,Electronics,8471,47445317002.13,73204712829.36
Germany,Europe,2,9,2021,Pharmaceuticals,3004,26988385068.78,26188647412.64
Germany,Europe,2,9,2021,Auto Parts,8708,27212230888.7,20705785482.13
Germany,Europe,2,9,2021,Semiconductors,8542,24400302605.45,38291488775.29
Germany,Europe,2,9,2021,Raw Materials,2601,15826643177.58,14897389466.96
Germany,Europe,2,9,2022,Electronics,8471,49363833379.61,32310340263.19
Germany,Europe,2,9,2022,Pharmaceuticals,3004,25831982526.19,28232079834.41
Germany,Europe,2,9,2022,Auto Parts,8708,27021700088.15,9173767583.01
Germany,Europe,2,9,2022,Semiconductors,8542,21005863633.6,31428110795.02
Germany,Europe,2,9,2022,Raw Materials,2601,16593634209.6,7726130120.14
Japan,Asia,2,8,2018,Electronics,8471,44109262744.98,23398478542.68
Japan,Asia,2,8,2018,Pharmaceuticals,3004,23136094612.88,26697746882.21
Japan,Asia,2,8,2018,Auto Parts,8708,18241567011.31,20318544869.04
Japan,Asia,2,8,2018,Semiconductors,8542,15845526506.96,15825988920.68
Japan,Asia,2,8,2018,Raw Materials,2601,13728777654.61,12121544449.87
Japan,Asia,2,8,2019,Electronics,8471,36070200038.05,44812281738.95
Japan,Asia,2,8,2019,Pharmaceuticals,3004,22236499458.05,10313782376.44
Japan,Asia,2,8,2019,Auto Parts,8708,18236218273.16,17307475611.22
Japan,Asia,2,8,2019,Semiconductors,8542,18563871563.24,4824850366.05
Japan,Asia,2,8,2019,Raw Materials,2601,14151153636.61,7242488688.23
Japan,Asia,2,8,2020,Electronics,8471,35611206441.82,15997968225.82
Japan,Asia,2,8,2020,Pharmaceuticals,3004,20616985767.9,14516057141.04
Japan,Asia,2,8,2020,Auto Parts,8708,19849383390.7,8039499147.29
Japan,Asia,2,8,2020,Semiconductors,8542,13927678615.23,5239150149.87
Japan,Asia,2,8,2020,Raw Materials,2601,13190674600.16,17052999413.27
Japan,Asia,2,8,2021,Electronics,8471,38544334670.57,39777015458.03
Japan,Asia,2,8,2021,Pharmaceuticals,3004,26010208176.43,23571516389.66
Japan,Asia,2,8,2021,Auto Parts,8708,21565134333.71,11434324810.71
Japan,Asia,2,8,2021,Semiconductors,8542,15638142915.46,20590100198.37
Japan,Asia,2,8,2021,Raw Materials,2601,15961787194.37,15957345806.78
Japan,Asia,2,8,2022,Electronics,8471,41637266007.51,27441102182.43
Japan,Asia,2,8,2022,Pharmaceuticals,3004,26694667591.53,35144392440.83
Japan,Asia,2,8,2022,Auto Parts,8708,25112833363.79,29528941560.45
Japan,Asia,2,8,2022,Semiconductors,8542,19548928009.62,6665558064.41
Japan,Asia,2,8,2022,Raw Materials,2601,13477329213.43,17766691749.08
United Kingdom,Europe,2,9,2018,Electronics,8471,30204727870.48,12292918982.5
United Kingdom,Europe,2,9,2018,Pharmaceuticals,3004,21232782742.02,5877937879.03
United Kingdom,Europe,2,9,2018,Auto Parts,8708,16362383839.39,16538944034.43
United Kingdom,Europe,2,9,2018,Semiconductors,8542,16053890730.29,18464345504.77
United Kingdom,Europe,2,9,2018,Raw Materials,2601,11139457948.23,13717595804.55
United Kingdom,Europe,2,9,2019,Electronics,8471,34852645767.63,24720618914.59
United Kingdom,Europe,2,9,2019,Pharmaceuticals,3004,23218743253.6,26632000992.76
United Kingdom,Europe,2,9,2019,Auto Parts,8708,21496556736.42,24888227666.24
United Kingdom,Europe,2,9,2019,Semiconductors,8542,16547287200.93,6560352981.34
United Kingdom,Europe,2,9,2019,Raw Materials,2601,12457202819.19,7823412332.34
United Kingdom,Europe,2,9,2020,Electronics,8471,28983766456.17,45897656358.91
United Kingdom,Europe,2,9,2020,Pharmaceuticals,3004,17364651954.16,25600061270.32
United Kingdom,Europe,2,9,2020,Auto Parts,8708,16781209276.61,22537084511.88
United Kingdom,Europe,2,9,2020,Semiconductors,8542,13465644626.32,14123040685.9
United Kingdom,Europe,2,9,2020,Raw Materials,2601,10739838136.88,5730541713.48
United Kingdom,Europe,2,9,2021,Electronics,8471,40789303827.19,26473999450.48
United Kingdom,Europe,2,9,2021,Pharmaceuticals,3004,18731891159.96,21380348284.69
United Kingdom,Europe,2,9,2021,Auto Parts,8708,17760114453.16,27343811232.72
United Kingdom,Europe,2,9,2021,Semiconductors,8542,18619126366.69,28023031300.37
United Kingdom,Europe,2,9,2021,Raw Materials,2601,12599334168.1,3664723379.01
United Kingdom,Europe,2,9,2022,Electronics,8471,45421946643.25,38520018270.45
United Kingdom,Europe,2,9,2022,Pharmaceuticals,3004,26219918251.4,41188527911.22
United Kingdom,Europe,2,9,2022,Auto Parts,8708,22892188718.45,15280673421.0
United Kingdom,Europe,2,9,2022,Semiconductors,8542,16655380745.51,23634559997.58
United Kingdom,Europe,2,9,2022,Raw Materials,2601,13042057101.35,6505576426.1
France,Europe,2,9,2018,Electronics,8471,33088566607.58,40025261173.04
France,Europe,2,9,2018,Pharmaceuticals,3004,17071426829.17,6848856137.82
France,Europe,2,9,2018,Auto Parts,8708,15567188624.21,25009820222.68
France,Europe,2,9,2018,Semiconductors,8542,11185996065.32,10847564097.67
France,Europe,2,9,2018,Raw Materials,2601,11167741997.27,14183452622.99
France,Europe,2,9,2019,Electronics,8471,33102318095.44,40330325552.69
France,Europe,2,9,2019,Pharmaceuticals,3004,17107153588.24,11399334511.14
France,Europe,2,9,2019,Auto Parts,8708,17565801363.95,23953659182.1
France,Europe,2,9,2019,Semiconductors,8542,14870080112.21,22347867870.92
France,Europe,2,9,2019,Raw Materials,2601,10752463543.86,10183088318.46
France,Europe,2,9,2020,Electronics,8471,28255885639.95,32422252895.29
France,Europe,2,9,2020,Pharmaceuticals,3004,15717944736.29,21129949098.45
France,Europe,2,9,2020,Auto Parts,8708,14898567374.75,10820732073.72
France,Europe,2,9,2020,Semiconductors,8542,10700131355.58,4246621252.83
France,Europe,2,9,2020,Raw Materials,2601,9100820104.12,2898812054.86
France,Europe,2,9,2021,Electronics,8471,31261498219.33,31341848299.43
France,Europe,2,9,2021,Pharmaceuticals,3004,16894120880.27,18036584145.26
France,Europe,2,9,2021,Auto Parts,8708,13956892968.08,4472068409.83
France,Europe,2,9,2021,Semiconductors,8542,14847661526.98,11228653396.25
France,Europe,2,9,2021,Raw Materials,2601,9618319605.61,9378134786.07
France,Europe,2,9,2022,Electronics,8471,35943185692.16,20177008748.13
France,Europe,2,9,2022,Pharmaceuticals,3004,19700475712.17,7588999084.91
France,Europe,2,9,2022,Auto Parts,8708,14800127229.59,14612591156.17
France,Europe,2,9,2022,Semiconductors,8542,14423715144.88,16306447976.57
France,Europe,2,9,2022,Raw Materials,2601,12173232361.33,19323792790.9
Netherlands,Europe,2,10,2018,Electronics,8471,24789500138.48,37005252469.55
Netherlands,Europe,2,10,2018,Pharmaceuticals,3004,13931495143.66,13352740866.75
Netherlands,Europe,2,10,2018,Auto Parts,8708,11761301015.52,3975626891.07
Netherlands,Europe,2,10,2018,Semiconductors,8542,12777274563.81,19855503663.64
Netherlands,Europe,2,10,2018,Raw Materials,2601,9503719342.17,8680976814.45
Netherlands,Europe,2,10,2019,Electronics,8471,25224102698.23,13486206854.69
Netherlands,Europe,2,10,2019,Pharmaceuticals,3004,14782664453.8,16613349576.29
Netherlands,Europe,2,10,2019,Auto Parts,8708,15307895568.08,19751717416.1
Netherlands,Europe,2,10,2019,Semiconductors,8542,11193752326.47,19390913883.27
Netherlands,Europe,2,10,2019,Raw Materials,2601,10272286691.18,11623411641.08
Netherlands,Europe,2,10,2020,Electronics,8471,23982743974.91,22289564496.07
Netherlands,Europe,2,10,2020,Pharmaceuticals,3004,12256473876.24,10221396917.68
Netherlands,Europe,2,10,2020,Auto Parts,8708,12857140644.68,4134730854.93
Netherlands,Europe,2,10,2020,Semiconductors,8542,8799552722.95,3247069827.68
Netherlands,Europe,2,10,2020,Raw Materials,2601,6859811505.37,10860390986.5
Netherlands,Europe,2,10,2021,Electronics,8471,29989264075.22,30326965489.65
Netherlands,Europe,2,10,2021,Pharmaceuticals,3004,14201506508.35,14732981027.63
Netherlands,Europe,2,10,2021,Auto Parts,8708,14419323656.49,8071977827.16
Netherlands,Europe,2,10,2021,Semiconductors,8542,11872133430.42,10658292098.25
Netherlands,Europe,2,10,2021,Raw Materials,2601,10026776235.04,12559945758.83
Netherlands,Europe,2,10,2022,Electronics,8471,25691838287.22,22144281559.17
Netherlands,Europe,2,10,2022,Pharmaceuticals,3004,17641885570.14,18606974121.13
Netherlands,Europe,2,10,2022,Auto Parts,8708,16936288371.05,21814624451.23
Netherlands,Europe,2,10,2022,Semiconductors,8542,11460724183.59,4651370679.98
Netherlands,Europe,2,10,2022,Raw Materials,2601,10635802991.31,3613694511.34
South Korea,Asia,4,8,2018,Electronics,8471,27894181944.61,25957461373.22
South Korea,Asia,4,8,2018,Pharmaceuticals,3004,13607629768.3,13770184637.44
South Korea,Asia,4,8,2018,Auto Parts,8708,12513294188.49,11196146683.91
South Korea,Asia,4,8,2018,Semiconductors,8542,11958560514.2,8410732634.01
South Korea,Asia,4,8,2018,Raw Materials,2601,9616841364.96,12755978131.61
South Korea,Asia,4,8,2019,Electronics,8471,23917966800.3,7731089581.94
South Korea,Asia,4,8,2019,Pharmaceuticals,3004,13238710342.21,3466770648.18
South Korea,Asia,4,8,2019,Auto Parts,8708,11889113975.04,12597801803.85
South Korea,Asia,4,8,2019,Semiconductors,8542,9828902386.39,6121152973.29
South Korea,Asia,4,8,2019,Raw Materials,2601,9957646441.86,2667915595.74
South Korea,Asia,4,8,2020,Electronics,8471,23900397497.92,13819824784.03
South Korea,Asia,4,8,2020,Pharmaceuticals,3004,11050409114.62,11891175054.67
South Korea,Asia,4,8,2020,Auto Parts,8708,11666485816.51,15084374356.2
South Korea,Asia,4,8,2020,Semiconductors,8542,10020079491.0,12065950428.19
South Korea,Asia,4,8,2020,Raw Materials,2601,6998362463.82,3169750482.66
South Korea,Asia,4,8,2021,Electronics,8471,28599905718.09,34554454340.09
South Korea,Asia,4,8,2021,Pharmaceuticals,3004,17436703447.52,12818439310.82
South Korea,Asia,4,8,2021,Auto Parts,8708,13154762224.09,15413376397.3
South Korea,Asia,4,8,2021,Semiconductors,8542,10855548107.67,14729988655.42
South Korea,Asia,4,8,2021,Raw Materials,2601,10100617289.04,7623873537.13
South Korea,Asia,4,8,2022,Electronics,8471,30107316969.45,34486469845.2
South Korea,Asia,4,8,2022,Pharmaceuticals,3004,14094994570.41,18648572679.89
South Korea,Asia,4,8,2022,Auto Parts,8708,14422690248.97,17765133704.9
South Korea,Asia,4,8,2022,Semiconductors,8542,11352178563.71,14923890372.7
South Korea,Asia,4,8,2022,Raw Materials,2601,9280900834.75,2348116002.75
India,Asia,4,7,2018,Electronics,8471,18375972447.58,10020037750.82
India,Asia,4,7,2018,Pharmaceuticals,3004,13583902486.5,16411222048.48
India,Asia,4,7,2018,Auto Parts,8708,11008504254.17,9615147663.39
India,Asia,4,7,2018,Semiconductors,8542,8837174101.58,4576518931.19
India,Asia,4,7,2018,Raw Materials,2601,6811702310.22,6240502782.12
India,Asia,4,7,2019,Electronics,8471,24065836891.77,25056338508.19
India,Asia,4,7,2019,Pharmaceuticals,3004,13894743501.25,4248545813.25
India,Asia,4,7,2019,Auto Parts,8708,11486340677.34,3106328045.08
India,Asia,4,7,2019,Semiconductors,8542,9730464877.12,6554509511.77
India,Asia,4,7,2019,Raw Materials,2601,8562553849.03,4953101434.28
India,Asia,4,7,2020,Electronics,8471,16431369627.89,5917614262.46
India,Asia,4,7,2020,Pharmaceuticals,3004,11440231434.38,9828634208.53
India,Asia,4,7,2020,Auto Parts,8708,8404751524.04,2507239467.27
India,Asia,4,7,2020,Semiconductors,8542,8435673122.97,2415986539.81
India,Asia,4,7,2020,Raw Materials,2601,6979372471.61,6641252155.47
India,Asia,4,7,2021,Electronics,8471,19770288779.09,5912890055.77
India,Asia,4,7,2021,Pharmaceuticals,3004,14806215006.27,8927915717.48
India,Asia,4,7,2021,Auto Parts,8708,11176748065.83,11885795884.64
India,Asia,4,7,2021,Semiconductors,8542,10990151614.45,13686048081.63
India,Asia,4,7,2021,Raw Materials,2601,8341256307.64,5047065347.78
India,Asia,4,7,2022,Electronics,8471,20826195117.23,21367764945.77
India,Asia,4,7,2022,Pharmaceuticals,3004,13838289338.92,9070073014.47
India,Asia,4,7,2022,Auto Parts,8708,13732133302.07,4487075575.81
India,Asia,4,7,2022,Semiconductors,8542,10177432819.13,2258589396.73
India,Asia,4,7,2022,Raw Materials,2601,8083281251.6,2175360036.2
Canada,North America,2,9,2018,Electronics,8471,17722862638.14,20318090672.65
Canada,North America,2,9,2018,Pharmaceuticals,3004,12284426025.64,12991368121.6
Canada,North America,2,9,2018,Auto Parts,8708,11723558567.73,9098364025.68
Canada,North America,2,9,2018,Semiconductors,8542,8028422910.09,11581873725.32
Canada,North America,2,9,2018,Raw Materials,2601,6294828550.68,9885086710.29
Canada,North America,2,9,2019,Electronics,8471,18255227032.37,28831144835.58
Canada,North America,2,9,2019,Pharmaceuticals,3004,10545224237.21,15533570891.93
Canada,North America,2,9,2019,Auto Parts,8708,11089397039.32,17859501375.43
Canada,North America,2,9,2019,Semiconductors,8542,7993153654.74,8134658723.48
Canada,North America,2,9,2019,Raw Materials,2601,8364277857.35,8165058237.03
Canada,North America,2,9,2020,Electronics,8471,18433853650.11,22291335324.03
Canada,North America,2,9,2020,Pharmaceuticals,3004,10001713919.02,11173948877.31
Canada,North America,2,9,2020,Auto Parts,8708,9356835723.18,13909528722.73
Canada,North America,2,9,2020,Semiconductors,8542,6567935916.75,4264562800.2
Canada,North America,2,9,2020,Raw Materials,2601,6906091040.74,10164772282.46
Canada,North America,2,9,2021,Electronics,8471,21324989470.87,23610580667.33
Canada,North America,2,9,2021,Pharmaceuticals,3004,11525197282.95,6038783462.93
Canada,North America,2,9,2021,Auto Parts,8708,10993952331.27,8212762823.38
Canada,North America,2,9,2021,Semiconductors,8542,9494959420.81,3560056795.44
Canada,North America,2,9,2021,Raw Materials,2601,8464579657.44,13555046705.17
Canada,North America,2,9,2022,Electronics,8471,24102453698.18,23951333592.74
Canada,North America,2,9,2022,Pharmaceuticals,3004,12257157703.52,16775431338.04
Canada,North America,2,9,2022,Auto Parts,8708,12348406415.66,6044950809.32
Canada,North America,2,9,2022,Semiconductors,8542,10951962014.64,15118365208.12
Canada,North America,2,9,2022,Raw Materials,2601,8852531797.1,11063197867.33
Italy,Europe,3,8,2018,Electronics,8471,17125402423.54,23278117336.85
Italy,Europe,3,8,2018,Pharmaceuticals,3004,11133705881.84,3276231059.64
Italy,Europe,3,8,2018,Auto Parts,8708,7745898641.8,5358272172.66
Italy,Europe,3,8,2018,Semiconductors,8542,8224980978.24,11718388295.44
Italy,Europe,3,8,2018,Raw Materials,2601,5387936805.28,5134471331.34
Italy,Europe,3,8,2019,Electronics,8471,18082903870.32,25386539510.62
Italy,Europe,3,8,2019,Pharmaceuticals,3004,11815843914.1,14722475887.67
Italy,Europe,3,8,2019,Auto Parts,8708,9553819293.1,7048649307.85
Italy,Europe,3,8,2019,Semiconductors,8542,7490661791.13,2304506564.33
Italy,Europe,3,8,2019,Raw Materials,2601,7133105697.11,8670155950.6
Italy,Europe,3,8,2020,Electronics,8471,17893832014.2,25694902253.53
Italy,Europe,3,8,2020,Pharmaceuticals,3004,9039869617.87,10511423873.5
Italy,Europe,3,8,2020,Auto Parts,8708,9070611354.93,11425132248.66
Italy,Europe,3,8,2020,Semiconductors,8542,6163519347.16,4811569637.0
Italy,Europe,3,8,2020,Raw Materials,2601,4741647393.51,6566523654.46
Italy,Europe,3,8,2021,Electronics,8471,19556182427.83,10059140280.96
Italy,Europe,3,8,2021,Pharmaceuticals,3004,11387855523.63,11180071442.57
Italy,Europe,3,8,2021,Auto Parts,8708,9332253603.8,3511438763.76
Italy,Europe,3,8,2021,Semiconductors,8542,8540580984.36,7382215503.87
Italy,Europe,3,8,2021,Raw Materials,2601,7028857472.85,6074311927.76
Italy,Europe,3,8,2022,Electronics,8471,22057806279.41,19902498467.82
Italy,Europe,3,8,2022,Pharmaceuticals,3004,11608407862.65,14997880975.74
Italy,Europe,3,8,2022,Auto Parts,8708,9962920262.2,3993320504.9
Italy,Europe,3,8,2022,Semiconductors,8542,7341327564.74,8414370555.83
Italy,Europe,3,8,2022,Raw Materials,2601,7086875199.38,7688520584.16
Mexico,North America,5,7,2018,Electronics,8471,14268837665.9,3214368156.82
Mexico,North America,5,7,2018,Pharmaceuticals,3004,8741773201.46,7250545329.62
Mexico,North America,5,7,2018,Auto Parts,8708,7970530725.2,5335064125.16
Mexico,North America,5,7,2018,Semiconductors,8542,7696243583.7,4430483001.32
Mexico,North America,5,7,2018,Raw Materials,2601,5514245724.86,5695309641.27
Mexico,North America,5,7,2019,Electronics,8471,16577016175.99,14309131754.13
Mexico,North America,5,7,2019,Pharmaceuticals,3004,10838740285.01,13082323266.7
Mexico,North America,5,7,2019,Auto Parts,8708,7866843394.38,9305822838.05
Mexico,North America,5,7,2019,Semiconductors,8542,7314658998.26,3519496510.19
Mexico,North America,5,7,2019,Raw Materials,2601,5793692007.54,7178582565.07
Mexico,North America,5,7,2020,Electronics,8471,14164561938.7,7864011680.81
Mexico,North America,5,7,2020,Pharmaceuticals,3004,8436644319.07,3899019635.94
Mexico,North America,5,7,2020,Auto Parts,8708,6371838895.76,2200347034.3
Mexico,North America,5,7,2020,Semiconductors,8542,5405109265.27,1997176134.63
Mexico,North America,5,7,2020,Raw Materials,2601,4339829884.42,3831716013.87
Mexico,North America,5,7,2021,Electronics,8471,15639911997.78,8960897705.81
Mexico,North America,5,7,2021,Pharmaceuticals,3004,11056080846.96,7823943101.62
Mexico,North America,5,7,2021,Auto Parts,8708,9338977023.28,3650941058.59
Mexico,North America,5,7,2021,Semiconductors,8542,6725958488.81,1701075929.98
Mexico,North America,5,7,2021,Raw Materials,2601,5339234116.17,2683071159.12
Mexico,North America,5,7,2022,Electronics,8471,16436477244.15,4982515257.75
Mexico,North America,5,7,2022,Pharmaceuticals,3004,9216383917.83,6394490351.49
Mexico,North America,5,7,2022,Auto Parts,8708,8535385081.28,5057073581.5
Mexico,North America,5,7,2022,Semiconductors,8542,7807996413.8,7299809610.24
Mexico,North America,5,7,2022,Raw Materials,2601,5377592325.78,5643142776.05
Singapore,Asia,2,10,2018,Electronics,8471,12659663123.95,20386715577.39
Singapore,Asia,2,10,2018,Pharmaceuticals,3004,9316436949.16,3648474527.7
Singapore,Asia,2,10,2018,Auto Parts,8708,6946469614.48,10484319924.2
Singapore,Asia,2,10,2018,Semiconductors,8542,6666060935.74,3844860819.15
Singapore,Asia,2,10,2018,Raw Materials,2601,4530432768.48,3876728261.98
Singapore,Asia,2,10,2019,Electronics,8471,15391203676.0,18890888771.23
Singapore,Asia,2,10,2019,Pharmaceuticals,3004,8488516275.77,8435905081.74
Singapore,Asia,2,10,2019,Auto Parts,8708,8542796366.52,3032904608.51
Singapore,Asia,2,10,2019,Semiconductors,8542,6134819889.05,8404852807.71
Singapore,Asia,2,10,2019,Raw Materials,2601,5930168571.2,6330550800.1
Singapore,Asia,2,10,2020,Electronics,8471,12954614438.83,5968942459.96
Singapore,Asia,2,10,2020,Pharmaceuticals,3004,7216328242.06,7930210005.82
Singapore,Asia,2,10,2020,Auto Parts,8708,6088984307.82,4285822004.7
Singapore,Asia,2,10,2020,Semiconductors,8542,5296555683.87,1748429030.17
Singapore,Asia,2,10,2020,Raw Materials,2601,4164387199.57,2570143220.44
Singapore,Asia,2,10,2021,Electronics,8471,14818764461.35,7107719572.63
Singapore,Asia,2,10,2021,Pharmaceuticals,3004,9976222585.1,11875582437.77
Singapore,Asia,2,10,2021,Auto Parts,8708,8468833601.69,12565689935.01
Singapore,Asia,2,10,2021,Semiconductors,8542,6694369988.2,2881125848.37
Singapore,Asia,2,10,2021,Raw Materials,2601,5417645055.32,6394238838.55
Singapore,Asia,2,10,2022,Electronics,8471,17661243805.1,16733839871.67
Singapore,Asia,2,10,2022,Pharmaceuticals,3004,8349776453.88,6059131000.79
Singapore,Asia,2,10,2022,Auto Parts,8708,8112502868.26,10293759069.92
Singapore,Asia,2,10,2022,Semiconductors,8542,7199696114.37,6005591154.99
Singapore,Asia,2,10,2022,Raw Materials,2601,6463183800.96,7811806139.53
Australia,Oceania,2,8,2018,Electronics,8471,11119392719.28,4708295211.81
Australia,Oceania,2,8,2018,Pharmaceuticals,3004,6666049290.41,2885183774.74
Australia,Oceania,2,8,2018,Auto Parts,8708,5883732264.3,3425004114.36
Australia,Oceania,2,8,2018,Semiconductors,8542,4881689369.32,6424881736.84
Australia,Oceania,2,8,2018,Raw Materials,2601,3784374007.56,3290186485.05
Australia,Oceania,2,8,2019,Electronics,8471,13126402839.78,18624453641.62
Australia,Oceania,2,8,2019,Pharmaceuticals,3004,6810878757.37,4886306399.42
Australia,Oceania,2,8,2019,Auto Parts,8708,7914243086.92,10119218886.2
Australia,Oceania,2,8,2019,Semiconductors,8542,6330898092.65,3478723361.23
Australia,Oceania,2,8,2019,Raw Materials,2601,4168176274.25,4344789672.09
Australia,Oceania,2,8,2020,Electronics,8471,12634801633.89,11473858844.55
Australia,Oceania,2,8,2020,Pharmaceuticals,3004,6533410428.55,3763080499.21
Australia,Oceania,2,8,2020,Auto Parts,8708,6221792736.19,2889727180.03
Australia,Oceania,2,8,2020,Semiconductors,8542,4543256789.11,3409822015.08
Australia,Oceania,2,8,2020,Raw Materials,2601,3846361676.77,2042001408.23
Australia,Oceania,2,8,2021,Electronics,8471,12057278903.98,11728646324.25
Australia,Oceania,2,8,2021,Pharmaceuticals,3004,7296029602.92,6839924628.52
Australia,Oceania,2,8,2021,Auto Parts,8708,6284021099.04,5136358525.75
Australia,Oceania,2,8,2021,Semiconductors,8542,5899621127.9,1782796150.01
Australia,Oceania,2,8,2021,Raw Materials,2601,4444886518.88,1783722347.09
Australia,Oceania,2,8,2022,Electronics,8471,12470329247.89,17807035067.75
Australia,Oceania,2,8,2022,Pharmaceuticals,3004,7762990458.64,9407574825.11
Australia,Oceania,2,8,2022,Auto Parts,8708,6836774409.65,7231962304.0
Australia,Oceania,2,8,2022,Semiconductors,8542,6630120401.5,6330216775.59
Australia,Oceania,2,8,2022,Raw Materials,2601,4878046454.3,3581506082.22
Spain,Europe,2,8,2018,Electronics,8471,12516785745.43,15480050774.83
Spain,Europe,2,8,2018,Pharmaceuticals,3004,7219923151.79,2809681238.29
Spain,Europe,2,8,2018,Auto Parts,8708,6097349607.18,8329031684.68
Spain,Europe,2,8,2018,Semiconductors,8542,4297565859.13,1374342312.26
Spain,Europe,2,8,2018,Raw Materials,2601,4076593278.1,3788654264.71
Spain,Europe,2,8,2019,Electronics,8471,13058586009.58,5324336164.62
Spain,Europe,2,8,2019,Pharmaceuticals,3004,7367510750.0,3550792317.53
Spain,Europe,2,8,2019,Auto Parts,8708,5476578323.76,2393916207.64
Spain,Europe,2,8,2019,Semiconductors,8542,5555034383.97,5767440371.86
Spain,Europe,2,8,2019,Raw Materials,2601,4088899223.07,2742001838.83
Spain,Europe,2,8,2020,Electronics,8471,10940138074.53,7777717532.14
Spain,Europe,2,8,2020,Pharmaceuticals,3004,6149406735.62,4716360614.08
Spain,Europe,2,8,2020,Auto Parts,8708,4867808377.23,3870957854.52
Spain,Europe,2,8,2020,Semiconductors,8542,3961021081.79,4504200878.62
Spain,Europe,2,8,2020,Raw Materials,2601,3372349987.94,1749086972.72
Spain,Europe,2,8,2021,Electronics,8471,13404872292.63,9392384706.35
Spain,Europe,2,8,2021,Pharmaceuticals,3004,6929370471.01,9200586207.25
Spain,Europe,2,8,2021,Auto Parts,8708,6385442730.85,2428241148.56
Spain,Europe,2,8,2021,Semiconductors,8542,5806901638.24,5767703099.24
Spain,Europe,2,8,2021,Raw Materials,2601,3900735792.77,1588092860.79
Spain,Europe,2,8,2022,Electronics,8471,13711415215.44,13493229676.09
Spain,Europe,2,8,2022,Pharmaceuticals,3004,7272275958.67,9546106479.71
Spain,Europe,2,8,2022,Auto Parts,8708,7041032978.62,2971385311.14
Spain,Europe,2,8,2022,Semiconductors,8542,5094989749.83,2742057084.32
Spain,Europe,2,8,2022,Raw Materials,2601,4636154395.17,1299230908.46
Brazil,South America,5,6,2018,Electronics,8471,10964289024.56,10625372687.85
Brazil,South America,5,6,2018,Pharmaceuticals,3004,5532843238.96,5085410916.06
Brazil,South America,5,6,2018,Auto Parts,8708,4616608264.62,4347954268.7
Brazil,South America,5,6,2018,Semiconductors,8542,3869202183.94,2079922760.17
Brazil,South America,5,6,2018,Raw Materials,2601,3795604467.2,1195333335.36
Brazil,South America,5,6,2019,Electronics,8471,9975144719.41,8279642553.81
Brazil,South America,5,6,2019,Pharmaceuticals,3004,6613532001.82,5006661109.51
Brazil,South America,5,6,2019,Auto Parts,8708,5908479160.36,3949534705.87
Brazil,South America,5,6,2019,Semiconductors,8542,4306536306.33,2115053647.42
Brazil,South America,5,6,2019,Raw Materials,2601,3366833802.31,3358771936.28
Brazil,South America,5,6,2020,Electronics,8471,9234383003.71,4993642899.65
Brazil,South America,5,6,2020,Pharmaceuticals,3004,5089321763.15,5255004661.91
Brazil,South America,5,6,2020,Auto Parts,8708,4151372316.28,2937539482.98
Brazil,South America,5,6,2020,Semiconductors,8542,3867820856.75,2824703654.5
Brazil,South America,5,6,2020,Raw Materials,2601,2642261620.74,2549548671.55
Brazil,South America,5,6,2021,Electronics,8471,12394925356.37,8535391828.44
Brazil,South America,5,6,2021,Pharmaceuticals,3004,6639900199.71,6707955478.73
Brazil,South America,5,6,2021,Auto Parts,8708,5993834284.03,1901754541.69
Brazil,South America,5,6,2021,Semiconductors,8542,4810123804.11,3492359322.96
Brazil,South America,5,6,2021,Raw Materials,2601,3676373875.63,3098447211.45
Brazil,South America,5,6,2022,Electronics,8471,13055081706.17,13224950011.71
Brazil,South America,5,6,2022,Pharmaceuticals,3004,6502661955.38,1833193011.3
Brazil,South America,5,6,2022,Auto Parts,8708,6803987016.55,6361784182.53
Brazil,South America,5,6,2022,Semiconductors,8542,4392624081.59,4431093340.71
Brazil,South America,5,6,2022,Raw Materials,2601,4399436878.13,2846234392.13
Poland,Europe,3,8,2018,Electronics,8471,8661367645.29,2647901058.91
Poland,Europe,3,8,2018,Pharmaceuticals,3004,4851654016.41,5838597554.11
Poland,Europe,3,8,2018,Auto Parts,8708,3910943298.26,2503782012.18
Poland,Europe,3,8,2018,Semiconductors,8542,3711056927.72,3283820472.9
Poland,Europe,3,8,2018,Raw Materials,2601,3448129751.91,2260646253.61
Poland,Europe,3,8,2019,Electronics,8471,9102934149.79,10240814552.26
Poland,Europe,3,8,2019,Pharmaceuticals,3004,5373847664.12,2738113963.12
Poland,Europe,3,8,2019,Auto Parts,8708,4836789065.33,1978384210.82
Poland,Europe,3,8,2019,Semiconductors,8542,3692023916.35,3094068623.23
Poland,Europe,3,8,2019,Raw Materials,2601,3191636679.13,4269819683.31
Poland,Europe,3,8,2020,Electronics,8471,7590171749.79,7109759573.4
Poland,Europe,3,8,2020,Pharmaceuticals,3004,4703509091.56,1202750056.71
Poland,Europe,3,8,2020,Auto Parts,8708,4271357629.17,1937672173.43
Poland,Europe,3,8,2020,Semiconductors,8542,3862323476.15,1615977886.39
Poland,Europe,3,8,2020,Raw Materials,2601,2644876716.43,905657631.77
Poland,Europe,3,8,2021,Electronics,8471,11079832992.03,9336244130.77
Poland,Europe,3,8,2021,Pharmaceuticals,3004,5667671433.63,1816442065.79
Poland,Europe,3,8,2021,Auto Parts,8708,5330866191.81,2622182241.68
Poland,Europe,3,8,2021,Semiconductors,8542,4625987805.33,2249005243.59
Poland,Europe,3,8,2021,Raw Materials,2601,2999224081.35,851358552.3
Poland,Europe,3,8,2022,Electronics,8471,10064943847.86,9237699670.59
Poland,Europe,3,8,2022,Pharmaceuticals,3004,5044333032.61,5905063417.34
Poland,Europe,3,8,2022,Auto Parts,8708,5146850315.22,4473993943.23
Poland,Europe,3,8,2022,Semiconductors,8542,4272695384.75,3080253069.04
Poland,Europe,3,8,2022,Raw Materials,2601,3542264505.89,1510025897.07
Czechia,Europe,2,8,2018,Electronics,8471,8877153775.92,12209091842.79
Czechia,Europe,2,8,2018,Pharmaceuticals,3004,4402079029.39,2486706304.61
Czechia,Europe,2,8,2018,Auto Parts,8708,4296314315.66,3138376000.47
Czechia,Europe,2,8,2018,Semiconductors,8542,2943337791.79,1257932879.37
Czechia,Europe,2,8,2018,Raw Materials,2601,2923492005.46,3013268732.96
Czechia,Europe,2,8,2019,Electronics,8471,7340433735.96,3716950431.71
Czechia,Europe,2,8,2019,Pharmaceuticals,3004,4493648081.72,4701574985.68
Czechia,Europe,2,8,2019,Auto Parts,8708,3765333179.31,1374084160.63
Czechia,Europe,2,8,2019,Semiconductors,8542,3995847710.69,1815128185.52
Czechia,Europe,2,8,2019,Raw Materials,2601,3067192135.53,1612788935.94
Czechia,Europe,2,8,2020,Electronics,8471,6245050501.74,3321159256.51
Czechia,Europe,2,8,2020,Pharmaceuticals,3004,4326454402.68,5480907158.8
Czechia,Europe,2,8,2020,Auto Parts,8708,4012030378.08,2875102154.55
Czechia,Europe,2,8,2020,Semiconductors,8542,3195394495.63,1552901506.07
Czechia,Europe,2,8,2020,Raw Materials,2601,2282581294.91,3002970758.75
Czechia,Europe,2,8,2021,Electronics,8471,7381970488.63,2529138658.82
Czechia,Europe,2,8,2021,Pharmaceuticals,3004,4507087430.13,1225200538.32
Czechia,Europe,2,8,2021,Auto Parts,8708,4021098583.32,3778424773.8
Czechia,Europe,2,8,2021,Semiconductors,8542,3617663387.98,4743502133.1
Czechia,Europe,2,8,2021,Raw Materials,2601,3246270815.1,2110663027.12
Czechia,Europe,2,8,2022,Electronics,8471,8443225973.27,5873368796.57
Czechia,Europe,2,8,2022,Pharmaceuticals,3004,5340860110.32,2999834914.04
Czechia,Europe,2,8,2022,Auto Parts,8708,4854305066.62,3549924085.07
Czechia,Europe,2,8,2022,Semiconductors,8542,3960895201.6,3023556620.23
Czechia,Europe,2,8,2022,Raw Materials,2601,2927619950.93,4034681777.01
Thailand,Asia,4,7,2018,Electronics,8471,6593914978.58,7397656339.93
Thailand,Asia,4,7,2018,Pharmaceuticals,3004,4208072814.42,4836253243.46
Thailand,Asia,4,7,2018,Auto Parts,8708,4143578922.3,2720152574.01
Thailand,Asia,4,7,2018,Semiconductors,8542,2714154830.63,1335666064.93
Thailand,Asia,4,7,2018,Raw Materials,2601,2566055326.09,2245688786.42
Thailand,Asia,4,7,2019,Electronics,8471,7322484349.25,2609176018.28
Thailand,Asia,4,7,2019,Pharmaceuticals,3004,4965361568.53,6175034323.24
Thailand,Asia,4,7,2019,Auto Parts,8708,4092096807.69,1596995000.06
Thailand,Asia,4,7,2019,Semiconductors,8542,3152846397.88,722979870.78
Thailand,Asia,4,7,2019,Raw Materials,2601,3043676918.74,1015488218.74
Thailand,Asia,4,7,2020,Electronics,8471,6702400784.27,3336173487.07
Thailand,Asia,4,7,2020,Pharmaceuticals,3004,3804852732.43,3401505650.62
Thailand,Asia,4,7,2020,Auto Parts,8708,3702929394.53,1580196737.45
Thailand,Asia,4,7,2020,Semiconductors,8542,2396062886.06,847559112.81
Thailand,Asia,4,7,2020,Raw Materials,2601,2515980563.11,2836980890.17
Thailand,Asia,4,7,2021,Electronics,8471,8213206966.6,6903551187.74
Thailand,Asia,4,7,2021,Pharmaceuticals,3004,4785770170.78,1886262701.61
Thailand,Asia,4,7,2021,Auto Parts,8708,4614223987.82,2997903088.86
Thailand,Asia,4,7,2021,Semiconductors,8542,3300100129.98,2491125433.28
Thailand,Asia,4,7,2021,Raw Materials,2601,2364149665.53,909246138.92
Thailand,Asia,4,7,2022,Electronics,8471,8999844713.39,2672401301.3
Thailand,Asia,4,7,2022,Pharmaceuticals,3004,4948539037.63,2314018827.36
Thailand,Asia,4,7,2022,Auto Parts,8708,4176527115.8,2143094775.09
Thailand,Asia,4,7,2022,Semiconductors,8542,3444126533.78,3323575907.2
Thailand,Asia,4,7,2022,Raw Materials,2601,2704713162.3,2176549954.17
Malaysia,Asia,3,8,2018,Electronics,8471,7108710744.95,9697672539.74
Malaysia,Asia,3,8,2018,Pharmaceuticals,3004,4142155748.12,2062497209.17
Malaysia,Asia,3,8,2018,Auto Parts,8708,2994680096.72,1661199519.47
Malaysia,Asia,3,8,2018,Semiconductors,8542,2986831893.23,901159966.19
Malaysia,Asia,3,8,2018,Raw Materials,2601,2320667419.65,2219048685.67
Malaysia,Asia,3,8,2019,Electronics,8471,6878077184.52,8013610892.11
Malaysia,Asia,3,8,2019,Pharmaceuticals,3004,3647867112.49,1204399278.48
Malaysia,Asia,3,8,2019,Auto Parts,8708,3977222947.83,3319348827.4
Malaysia,Asia,3,8,2019,Semiconductors,8542,3277327270.12,2496644338.35
Malaysia,Asia,3,8,2019,Raw Materials,2601,2292801385.71,2803919047.37
Malaysia,Asia,3,8,2020,Electronics,8471,6545487530.73,7027469512.51
Malaysia,Asia,3,8,2020,Pharmaceuticals,3004,3197400633.29,3032020841.63
Malaysia,Asia,3,8,2020,Auto Parts,8708,2959972851.86,1035690025.36
Malaysia,Asia,3,8,2020,Semiconductors,8542,2896249542.97,1170612967.04
Malaysia,Asia,3,8,2020,Raw Materials,2601,2337338627.7,1811921096.22
Malaysia,Asia,3,8,2021,Electronics,8471,6624024212.34,5897243806.31
Malaysia,Asia,3,8,2021,Pharmaceuticals,3004,4647674078.19,5199212927.53
Malaysia,Asia,3,8,2021,Auto Parts,8708,4107984911.48,4233442935.21
Malaysia,Asia,3,8,2021,Semiconductors,8542,3315836108.93,4174752992.15
Malaysia,Asia,3,8,2021,Raw Materials,2601,2319650209.87,1919069713.92
Malaysia,Asia,3,8,2022,Electronics,8471,7055993810.6,10056213736.17
Malaysia,Asia,3,8,2022,Pharmaceuticals,3004,4986158328.39,1432583987.45
Malaysia,Asia,3,8,2022,Auto Parts,8708,4204223304.95,5676954239.92
Malaysia,Asia,3,8,2022,Semiconductors,8542,2983769591.68,2749645952.39
Malaysia,Asia,3,8,2022,Raw Materials,2601,2969066731.69,833521466.44
Vietnam,Asia,4,7,2018,Electronics,8471,5785500965.62,6830455037.8
Vietnam,Asia,4,7,2018,Pharmaceuticals,3004,4017437506.89,4826870066.81
Vietnam,Asia,4,7,2018,Auto Parts,8708,3143493191.51,3505450034.6
Vietnam,Asia,4,7,2018,Semiconductors,8542,2912883123.64,1587682958.38
Vietnam,Asia,4,7,2018,Raw Materials,2601,2320400844.42,577450351.51
Vietnam,Asia,4,7,2019,Electronics,8471,6770036740.12,3056734408.37
Vietnam,Asia,4,7,2019,Pharmaceuticals,3004,3331999447.16,968948310.45
Vietnam,Asia,4,7,2019,Auto Parts,8708,3583272365.27,2031244990.29
Vietnam,Asia,4,7,2019,Semiconductors,8542,3010152688.71,838701257.86
Vietnam,Asia,4,7,2019,Raw Materials,2601,2130988500.64,1654639812.4
Vietnam,Asia,4,7,2020,Electronics,8471,5936204544.01,3233392013.38
Vietnam,Asia,4,7,2020,Pharmaceuticals,3004,3237834328.35,3692026834.71
Vietnam,Asia,4,7,2020,Auto Parts,8708,2905603149.72,1320908834.22
Vietnam,Asia,4,7,2020,Semiconductors,8542,2006129348.65,2254094594.74
Vietnam,Asia,4,7,2020,Raw Materials,2601,1603144901.13,1809047632.14
Vietnam,Asia,4,7,2021,Electronics,8471,6707729582.38,8022586002.54
Vietnam,Asia,4,7,2021,Pharmaceuticals,3004,4140612888.78,5208190488.89
Vietnam,Asia,4,7,2021,Auto Parts,8708,3266830322.65,3317622031.5
Vietnam,Asia,4,7,2021,Semiconductors,8542,2766150931.14,1974670509.17
Vietnam,Asia,4,7,2021,Raw Materials,2601,2367213736.84,2668704374.32
Vietnam,Asia,4,7,2022,Electronics,8471,8016575285.32,8150348554.97
Vietnam,Asia,4,7,2022,Pharmaceuticals,3004,3901320138.6,2545318215.56
Vietnam,Asia,4,7,2022,Auto Parts,8708,3856588885.72,1776792216.86
Vietnam,Asia,4,7,2022,Semiconductors,8542,2649426701.82,1542902291.57
Vietnam,Asia,4,7,2022,Raw Materials,2601,2246812073.99,1170866631.33
Indonesia,Asia,4,6,2018,Electronics,8471,4782409393.0,937766116.76
Indonesia,Asia,4,6,2018,Pharmaceuticals,3004,3631531359.21,2051800039.47
Indonesia,Asia,4,6,2018,Auto Parts,8708,2752257640.91,2178914359.59
Indonesia,Asia,4,6,2018,Semiconductors,8542,2175171371.27,2251226380.86
Indonesia,Asia,4,6,2018,Raw Materials,2601,2064085381.02,537632117.08
Indonesia,Asia,4,6,2019,Electronics,8471,5775574006.26,5609274882.15
Indonesia,Asia,4,6,2019,Pharmaceuticals,3004,3835491949.03,2303831810.85
Indonesia,Asia,4,6,2019,Auto Parts,8708,3149221718.09,1040284146.88
Indonesia,Asia,4,6,2019,Semiconductors,8542,2911975791.94,1131315790.04
Indonesia,Asia,4,6,2019,Raw Materials,2601,2300076778.26,1758827274.37
Indonesia,Asia,4,6,2020,Electronics,8471,5072825583.01,3253810060.26
Indonesia,Asia,4,6,2020,Pharmaceuticals,3004,2581116249.39,874676359.58
Indonesia,Asia,4,6,2020,Auto Parts,8708,2315283824.27,805242831.68
Indonesia,Asia,4,6,2020,Semiconductors,8542,2282641470.4,1130164857.44
Indonesia,Asia,4,6,2020,Raw Materials,2601,1461316002.44,1537585543.73
Indonesia,Asia,4,6,2021,Electronics,8471,6674087556.45,6774045732.03
Indonesia,Asia,4,6,2021,Pharmaceuticals,3004,3927775426.04,1321718914.62
Indonesia,Asia,4,6,2021,Auto Parts,8708,2982189880.25,2571884176.6
Indonesia,Asia,4,6,2021,Semiconductors,8542,2715837865.59,865011512.62
Indonesia,Asia,4,6,2021,Raw Materials,2601,2246426871.74,858127235.43
Indonesia,Asia,4,6,2022,Electronics,8471,5778015292.01,3832424536.77
Indonesia,Asia,4,6,2022,Pharmaceuticals,3004,3700375129.63,2597950442.2
Indonesia,Asia,4,6,2022,Auto Parts,8708,2842925205.95,2756826580.32
Indonesia,Asia,4,6,2022,Semiconductors,8542,2510136034.5,744414550.03
Indonesia,Asia,4,6,2022,Raw Materials,2601,2411908755.76,2508593370.46
Turkey,Europe/Asia,6,6,2018,Electronics,8471,5722187850.18,4404469743.52
Turkey,Europe/Asia,6,6,2018,Pharmaceuticals,3004,3037649575.86,784588688.57
Turkey,Europe/Asia,6,6,2018,Auto Parts,8708,2618844843.65,1349804132.81
Turkey,Europe/Asia,6,6,2018,Semiconductors,8542,2082266247.23,1730525881.27
Turkey,Europe/Asia,6,6,2018,Raw Materials,2601,1792978835.88,453518925.32
Turkey,Europe/Asia,6,6,2019,Electronics,8471,5123495394.55,4072834987.03
Turkey,Europe/Asia,6,6,2019,Pharmaceuticals,3004,2789594268.08,2639196703.8
Turkey,Europe/Asia,6,6,2019,Auto Parts,8708,2872211841.09,1759309943.66
Turkey,Europe/Asia,6,6,2019,Semiconductors,8542,2463450437.95,2271825696.84
Turkey,Europe/Asia,6,6,2019,Raw Materials,2601,1830047681.12,1446130281.58
Turkey,Europe/Asia,6,6,2020,Electronics,8471,4732518613.47,1989197983.43
Turkey,Europe/Asia,6,6,2020,Pharmaceuticals,3004,2953238017.14,2651072801.67
Turkey,Europe/Asia,6,6,2020,Auto Parts,8708,2500257851.69,2364052695.31
Turkey,Europe/Asia,6,6,2020,Semiconductors,8542,2208164449.71,1805233349.36
Turkey,Europe/Asia,6,6,2020,Raw Materials,2601,1752076682.43,1415194939.02
Turkey,Europe/Asia,6,6,2021,Electronics,8471,5957973713.71,4389538565.84
Turkey,Europe/Asia,6,6,2021,Pharmaceuticals,3004,3474882423.73,1121499519.7
Turkey,Europe/Asia,6,6,2021,Auto Parts,8708,3239157389.1,3124682894.57
Turkey,Europe/Asia,6,6,2021,Semiconductors,8542,2080380462.95,1920680213.79
Turkey,Europe/Asia,6,6,2021,Raw Materials,2601,1722224940.95,829435533.46
Turkey,Europe/Asia,6,6,2022,Electronics,8471,6384662237.48,2072997076.59
Turkey,Europe/Asia,6,6,2022,Pharmaceuticals,3004,3724326364.6,3459604077.7
Turkey,Europe/Asia,6,6,2022,Auto Parts,8708,3066855379.59,569660058.85
Turkey,Europe/Asia,6,6,2022,Semiconductors,8542,2387084171.88,1755065984.79
Turkey,Europe/Asia,6,6,2022,Raw Materials,2601,2334485940.95,1747671285.88
Saudi Arabia,Middle East,6,5,2018,Electronics,8471,4805731904.5,2667128511.12
Saudi Arabia,Middle East,6,5,2018,Pharmaceuticals,3004,2861637552.96,658850493.07
Saudi Arabia,Middle East,6,5,2018,Auto Parts,8708,2562060688.9,1424377470.92
Saudi Arabia,Middle East,6,5,2018,Semiconductors,8542,2255017250.29,916448311.4
Saudi Arabia,Middle East,6,5,2018,Raw Materials,2601,1647021923.62,1398356330.94
Saudi Arabia,Middle East,6,5,2019,Electronics,8471,4346515652.29,3707236065.0
Saudi Arabia,Middle East,6,5,2019,Pharmaceuticals,3004,2978951321.07,598405170.79
Saudi Arabia,Middle East,6,5,2019,Auto Parts,8708,2386453659.87,1625482953.56
Saudi Arabia,Middle East,6,5,2019,Semiconductors,8542,1840483956.63,1079679137.48
Saudi Arabia,Middle East,6,5,2019,Raw Materials,2601,1613770239.71,993576773.92
Saudi Arabia,Middle East,6,5,2020,Electronics,8471,3536944088.54,2842474329.13
Saudi Arabia,Middle East,6,5,2020,Pharmaceuticals,3004,2672389256.36,2342772466.85
Saudi Arabia,Middle East,6,5,2020,Auto Parts,8708,2263730027.3,560419600.04
Saudi Arabia,Middle East,6,5,2020,Semiconductors,8542,1890975572.66,318516279.72
Saudi Arabia,Middle East,6,5,2020,Raw Materials,2601,1202718439.9,472316749.42
Saudi Arabia,Middle East,6,5,2021,Electronics,8471,4970507373.64,3617562919.24
Saudi Arabia,Middle East,6,5,2021,Pharmaceuticals,3004,3006717547.0,1456535250.69
Saudi Arabia,Middle East,6,5,2021,Auto Parts,8708,2390805719.7,2146569076.63
Saudi Arabia,Middle East,6,5,2021,Semiconductors,8542,2090163760.06,1021129164.02
Saudi Arabia,Middle East,6,5,2021,Raw Materials,2601,1537439020.27,1147094263.49
Saudi Arabia,Middle East,6,5,2022,Electronics,8471,5555049505.61,1753047022.12
Saudi Arabia,Middle East,6,5,2022,Pharmaceuticals,3004,2624142941.05,1732917021.11
Saudi Arabia,Middle East,6,5,2022,Auto Parts,8708,2825154083.57,1002773313.96
Saudi Arabia,Middle East,6,5,2022,Semiconductors,8542,2554332904.52,672539043.28
Saudi Arabia,Middle East,6,5,2022,Raw Materials,2601,1763460792.56,1512541377.72
UAE,Middle East,4,8,2018,Electronics,8471,4491197165.9,3220697119.78
UAE,Middle East,4,8,2018,Pharmaceuticals,3004,2297099877.58,3263657892.22
UAE,Middle East,4,8,2018,Auto Parts,8708,2157281727.72,2832336264.49
UAE,Middle East,4,8,2018,Semiconductors,8542,1698286833.51,841884335.65
UAE,Middle East,4,8,2018,Raw Materials,2601,1270448588.44,1298398699.34
UAE,Middle East,4,8,2019,Electronics,8471,4424329701.76,5650886181.69
UAE,Middle East,4,8,2019,Pharmaceuticals,3004,2610846542.32,3659968526.44
UAE,Middle East,4,8,2019,Auto Parts,8708,2145321852.48,2751048761.14
UAE,Middle East,4,8,2019,Semiconductors,8542,2137800656.22,2490764827.95
UAE,Middle East,4,8,2019,Raw Materials,2601,1742544502.15,2009552486.23
UAE,Middle East,4,8,2020,Electronics,8471,3966724220.78,1576748495.18
UAE,Middle East,4,8,2020,Pharmaceuticals,3004,1877711152.8,2525554205.33
UAE,Middle East,4,8,2020,Auto Parts,8708,2034386357.47,2432810243.36
UAE,Middle East,4,8,2020,Semiconductors,8542,1628920083.53,620243618.0
UAE,Middle East,4,8,2020,Raw Materials,2601,1163053038.63,1235951277.86
UAE,Middle East,4,8,2021,Electronics,8471,4557672182.23,2190552486.21
UAE,Middle East,4,8,2021,Pharmaceuticals,3004,2653292448.3,841228293.02
UAE,Middle East,4,8,2021,Auto Parts,8708,2452871860.85,1380456869.6
UAE,Middle East,4,8,2021,Semiconductors,8542,2173089121.73,1330874425.3
UAE,Middle East,4,8,2021,Raw Materials,2601,1574559407.38,399850934.29
UAE,Middle East,4,8,2022,Electronics,8471,4271496925.06,3037001285.17
UAE,Middle East,4,8,2022,Pharmaceuticals,3004,2783148621.16,2671891302.48
UAE,Middle East,4,8,2022,Auto Parts,8708,2362496909.5,2537270328.04
UAE,Middle East,4,8,2022,Semiconductors,8542,2326877110.23,2735991404.99
UAE,Middle East,4,8,2022,Raw Materials,2601,1447967887.98,1182422648.61
South Africa,Africa,5,6,2018,Electronics,8471,3409979513.59,3641845619.32
South Africa,Africa,5,6,2018,Pharmaceuticals,3004,1885485175.98,1185968927.7
South Africa,Africa,5,6,2018,Auto Parts,8708,1968177125.94,1598589820.79
South Africa,Africa,5,6,2018,Semiconductors,8542,1612345054.39,304400689.55
South Africa,Africa,5,6,2018,Raw Materials,2601,1201227530.94,775921486.78
South Africa,Africa,5,6,2019,Electronics,8471,3459869081.59,1714587385.3
South Africa,Africa,5,6,2019,Pharmaceuticals,3004,1940071864.03,486416073.83
South Africa,Africa,5,6,2019,Auto Parts,8708,1967613906.0,589190529.96
South Africa,Africa,5,6,2019,Semiconductors,8542,1726283734.58,1381922017.83
South Africa,Africa,5,6,2019,Raw Materials,2601,1475662246.77,531437947.62
South Africa,Africa,5,6,2020,Electronics,8471,2949201881.84,808408843.08
South Africa,Africa,5,6,2020,Pharmaceuticals,3004,1948619228.14,1589738427.43
South Africa,Africa,5,6,2020,Auto Parts,8708,1448044901.04,1480757714.71
South Africa,Africa,5,6,2020,Semiconductors,8542,1215290304.67,810801224.26
South Africa,Africa,5,6,2020,Raw Materials,2601,1193645032.63,1150521277.2
South Africa,Africa,5,6,2021,Electronics,8471,4246262057.76,3828239956.2
South Africa,Africa,5,6,2021,Pharmaceuticals,3004,2170183931.7,1982121439.8
South Africa,Africa,5,6,2021,Auto Parts,8708,1793518699.43,1767216730.59
South Africa,Africa,5,6,2021,Semiconductors,8542,1734414888.97,1587974758.86
South Africa,Africa,5,6,2021,Raw Materials,2601,1348431423.97,1023756005.48
South Africa,Africa,5,6,2022,Electronics,8471,4233267352.78,3549300757.77
South Africa,Africa,5,6,2022,Pharmaceuticals,3004,2098773587.06,491778069.49
South Africa,Africa,5,6,2022,Auto Parts,8708,1996122895.64,645925831.18
South Africa,Africa,5,6,2022,Semiconductors,8542,2000763125.96,754873099.01
South Africa,Africa,5,6,2022,Raw Materials,2601,1645573790.51,795151478.86
Nigeria,Africa,7,4,2018,Electronics,8471,624638643.06,321829235.81
Nigeria,Africa,7,4,2018,Pharmaceuticals,3004,328217893.05,148754299.91
Nigeria,Africa,7,4,2018,Auto Parts,8708,314992009.59,80975891.99
Nigeria,Africa,7,4,2018,Semiconductors,8542,282970363.66,199458988.99
Nigeria,Africa,7,4,2018,Raw Materials,2601,205923323.46,49365065.61
Nigeria,Africa,7,4,2019,Electronics,8471,647067292.4,105678412.5
Nigeria,Africa,7,4,2019,Pharmaceuticals,3004,301394064.95,82765743.73
Nigeria,Africa,7,4,2019,Auto Parts,8708,312167569.63,200088019.03
Nigeria,Africa,7,4,2019,Semiconductors,8542,281019448.28,158951319.89
Nigeria,Africa,7,4,2019,Raw Materials,2601,205767292.04,67401339.03
Nigeria,Africa,7,4,2020,Electronics,8471,489679101.04,348940302.43
Nigeria,Africa,7,4,2020,Pharmaceuticals,3004,250918737.65,160642917.63
Nigeria,Africa,7,4,2020,Auto Parts,8708,268153348.15,102748117.7
Nigeria,Africa,7,4,2020,Semiconductors,8542,233061167.65,96021519.16
Nigeria,Africa,7,4,2020,Raw Materials,2601,194211926.29,128261657.57
Nigeria,Africa,7,4,2021,Electronics,8471,605837097.29,173327981.15
Nigeria,Africa,7,4,2021,Pharmaceuticals,3004,364339986.82,243167068.01
Nigeria,Africa,7,4,2021,Auto Parts,8708,291370849.78,143873083.67
Nigeria,Africa,7,4,2021,Semiconductors,8542,276382628.15,154737737.7
Nigeria,Africa,7,4,2021,Raw Materials,2601,189199956.2,103964425.92
Nigeria,Africa,7,4,2022,Electronics,8471,733196304.23,167029351.32
Nigeria,Africa,7,4,2022,Pharmaceuticals,3004,343794045.1,241631194.67
Nigeria,Africa,7,4,2022,Auto Parts,8708,303715139.87,192139629.67
Nigeria,Africa,7,4,2022,Semiconductors,8542,279234266.94,74929344.73
Nigeria,Africa,7,4,2022,Raw Materials,2601,248810076.14,96335069.78
Egypt,Africa,6,5,2018,Electronics,8471,1286503579.97,765100581.84
Egypt,Africa,6,5,2018,Pharmaceuticals,3004,690079332.59,305919864.24
Egypt,Africa,6,5,2018,Auto Parts,8708,788084450.94,270785876.08
Egypt,Africa,6,5,2018,Semiconductors,8542,602737720.55,237413896.63
Egypt,Africa,6,5,2018,Raw Materials,2601,498318556.34,123660363.71
Egypt,Africa,6,5,2019,Electronics,8471,1637043257.57,802711320.44
Egypt,Africa,6,5,2019,Pharmaceuticals,3004,754969397.85,154861255.98
Egypt,Africa,6,5,2019,Auto Parts,8708,664797210.36,358877784.82
Egypt,Africa,6,5,2019,Semiconductors,8542,584850381.45,451307121.76
Egypt,Africa,6,5,2019,Raw Materials,2601,481735817.63,162121302.74
Egypt,Africa,6,5,2020,Electronics,8471,1232429975.47,838154567.37
Egypt,Africa,6,5,2020,Pharmaceuticals,3004,612379260.76,168841787.93
Egypt,Africa,6,5,2020,Auto Parts,8708,527193476.46,370248775.27
Egypt,Africa,6,5,2020,Semiconductors,8542,535326715.63,270860948.23
Egypt,Africa,6,5,2020,Raw Materials,2601,450349079.68,339676970.88
Egypt,Africa,6,5,2021,Electronics,8471,1487206865.23,1191555286.73
Egypt,Africa,6,5,2021,Pharmaceuticals,3004,755491437.51,176739451.23
Egypt,Africa,6,5,2021,Auto Parts,8708,694240263.31,133860035.0
Egypt,Africa,6,5,2021,Semiconductors,8542,627272241.26,534720900.03
Egypt,Africa,6,5,2021,Raw Materials,2601,428461626.68,103508803.3
Egypt,Africa,6,5,2022,Electronics,8471,1504506596.85,1279441832.91
Egypt,Africa,6,5,2022,Pharmaceuticals,3004,824120001.64,437134763.77
Egypt,Africa,6,5,2022,Auto Parts,8708,677043364.69,176882589.64
Egypt,Africa,6,5,2022,Semiconductors,8542,749671101.82,655091862.68
Egypt,Africa,6,5,2022,Raw Materials,2601,445610856.15,384944876.87
Argentina,South America,6,5,2018,Electronics,8471,1810319616.4,888966303.22
Argentina,South America,6,5,2018,Pharmaceuticals,3004,935997275.27,483568891.65
Argentina,South America,6,5,2018,Auto Parts,8708,880447912.9,224283928.77
Argentina,South America,6,5,2018,Semiconductors,8542,600202450.26,228645596.63
Argentina,South America,6,5,2018,Raw Materials,2601,593306910.22,178816822.53
Argentina,South America,6,5,2019,Electronics,8471,1832139701.42,1607581730.13
Argentina,South America,6,5,2019,Pharmaceuticals,3004,873919091.36,571937737.71
Argentina,South America,6,5,2019,Auto Parts,8708,880529281.0,705397898.44
Argentina,South America,6,5,2019,Semiconductors,8542,674079685.23,451275765.68
Argentina,South America,6,5,2019,Raw Materials,2601,657661599.46,564576613.76
Argentina,South America,6,5,2020,Electronics,8471,1524541484.43,797153887.22
Argentina,South America,6,5,2020,Pharmaceuticals,3004,854964753.48,685407064.91
Argentina,South America,6,5,2020,Auto Parts,8708,758936301.59,131136827.27
Argentina,South America,6,5,2020,Semiconductors,8542,699397290.63,466599449.71
Argentina,South America,6,5,2020,Raw Materials,2601,521698909.29,162642955.22
Argentina,South America,6,5,2021,Electronics,8471,1843949511.26,821291985.42
Argentina,South America,6,5,2021,Pharmaceuticals,3004,1051376495.89,241758529.4
Argentina,South America,6,5,2021,Auto Parts,8708,948034433.08,852814133.65
Argentina,South America,6,5,2021,Semiconductors,8542,652073057.23,575702676.89
Argentina,South America,6,5,2021,Raw Materials,2601,586594698.01,471073722.64
Argentina,South America,6,5,2022,Electronics,8471,2009641651.68,1156070869.19
Argentina,South America,6,5,2022,Pharmaceuticals,3004,1134412322.71,917611007.23
Argentina,South America,6,5,2022,Auto Parts,8708,925411042.91,365791730.77
Argentina,South America,6,5,2022,Semiconductors,8542,833931173.75,630355611.99
Argentina,South America,6,5,2022,Raw Materials,2601,685189624.4,512768669.46
Chile,South America,3,7,2018,Electronics,8471,1270822592.04,427275346.83
Chile,South America,3,7,2018,Pharmaceuticals,3004,671818456.41,145144088.97
Chile,South America,3,7,2018,Auto Parts,8708,565273509.42,336215984.76
Chile,South America,3,7,2018,Semiconductors,8542,481739744.34,452951250.38
Chile,South America,3,7,2018,Raw Materials,2601,384483111.41,261882329.5
Chile,South America,3,7,2019,Electronics,8471,1141723217.69,687219624.09
Chile,South America,3,7,2019,Pharmaceuticals,3004,650230431.06,186522318.44
Chile,South America,3,7,2019,Auto Parts,8708,657135277.0,599059920.76
Chile,South America,3,7,2019,Semiconductors,8542,550168804.55,383285411.15
Chile,South America,3,7,2019,Raw Materials,2601,409579652.07,457295817.54
Chile,South America,3,7,2020,Electronics,8471,1034243702.34,737561558.67
Chile,South America,3,7,2020,Pharmaceuticals,3004,504008039.79,286432919.47
Chile,South America,3,7,2020,Auto Parts,8708,509860975.23,320582185.41
Chile,South America,3,7,2020,Semiconductors,8542,451324533.55,347647468.58
Chile,South America,3,7,2020,Raw Materials,2601,363993023.68,368771314.66
Chile,South America,3,7,2021,Electronics,8471,1370088957.89,1320805803.16
Chile,South America,3,7,2021,Pharmaceuticals,3004,813512566.87,186411695.93
Chile,South America,3,7,2021,Auto Parts,8708,585347532.22,127571237.48
Chile,South America,3,7,2021,Semiconductors,8542,560528096.12,646250821.74
Chile,South America,3,7,2021,Raw Materials,2601,396377297.14,469067451.98
Chile,South America,3,7,2022,Electronics,8471,1144482341.51,1363259100.26
Chile,South America,3,7,2022,Pharmaceuticals,3004,719839846.06,227823458.89
Chile,South America,3,7,2022,Auto Parts,8708,675163631.98,323818872.79
Chile,South America,3,7,2022,Semiconductors,8542,528565170.58,281542597.18
Chile,South America,3,7,2022,Raw Materials,2601,493117566.26,382718080.32
Taiwan,Asia,3,9,2018,Electronics,8471,6045701989.98,7477344838.27
Taiwan,Asia,3,9,2018,Pharmaceuticals,3004,3115896397.54,2580869837.46
Taiwan,Asia,3,9,2018,Auto Parts,8708,2668208515.95,1372931019.38
Taiwan,Asia,3,9,2018,Semiconductors,8542,2644273073.32,1361646655.13
Taiwan,Asia,3,9,2018,Raw Materials,2601,2021546343.9,2480866848.2
Taiwan,Asia,3,9,2019,Electronics,8471,5513776293.88,5711563700.9
Taiwan,Asia,3,9,2019,Pharmaceuticals,3004,3311132679.01,5198316992.87
Taiwan,Asia,3,9,2019,Auto Parts,8708,3198930763.52,4344435695.72
Taiwan,Asia,3,9,2019,Semiconductors,8542,2719367071.93,893602836.1
Taiwan,Asia,3,9,2019,Raw Materials,2601,2228811008.45,3464451599.78
Taiwan,Asia,3,9,2020,Electronics,8471,5345118153.33,7354374580.16
Taiwan,Asia,3,9,2020,Pharmaceuticals,3004,3305636387.21,1910352695.56
Taiwan,Asia,3,9,2020,Auto Parts,8708,2437155244.48,2668256869.71
Taiwan,Asia,3,9,2020,Semiconductors,8542,2163664886.51,3037380373.61
Taiwan,Asia,3,9,2020,Raw Materials,2601,1991820336.8,1488126543.45
Taiwan,Asia,3,9,2021,Electronics,8471,5818803926.9,7702405720.01
Taiwan,Asia,3,9,2021,Pharmaceuticals,3004,3366114936.5,4647020397.97
Taiwan,Asia,3,9,2021,Auto Parts,8708,3174667675.83,3718146540.31
Taiwan,Asia,3,9,2021,Semiconductors,8542,2378973558.66,2645918391.77
Taiwan,Asia,3,9,2021,Raw Materials,2601,2134658637.64,2266839742.99
Taiwan,Asia,3,9,2022,Electronics,8471,5987688344.45,7573105803.81
Taiwan,Asia,3,9,2022,Pharmaceuticals,3004,4213588668.4,2370559634.1
Taiwan,Asia,3,9,2022,Auto Parts,8708,3005203133.96,907307162.54
Taiwan,Asia,3,9,2022,Semiconductors,8542,2971385632.88,3237553291.34
Taiwan,Asia,3,9,2022,Raw Materials,2601,2311941030.3,1348158889.48
Hong Kong,Asia,4,10,2018,Electronics,8471,8868429174.39,9268841308.29
Hong Kong,Asia,4,10,2018,Pharmaceuticals,3004,5649142113.09,2850893962.03
Hong Kong,Asia,4,10,2018,Auto Parts,8708,4694851537.83,4255780346.66
Hong Kong,Asia,4,10,2018,Semiconductors,8542,3616387733.03,4977583955.37
Hong Kong,Asia,4,10,2018,Raw Materials,2601,3127498563.67,5588477113.9
Hong Kong,Asia,4,10,2019,Electronics,8471,8185030458.34,3733720114.32
Hong Kong,Asia,4,10,2019,Pharmaceuticals,3004,5618275860.01,6559788638.35
Hong Kong,Asia,4,10,2019,Auto Parts,8708,4416619072.17,1851133371.31
Hong Kong,Asia,4,10,2019,Semiconductors,8542,3457253630.82,5674343061.37
Hong Kong,Asia,4,10,2019,Raw Materials,2601,2866438127.52,2250318300.76
Hong Kong,Asia,4,10,2020,Electronics,8471,7017168461.59,5841753860.37
Hong Kong,Asia,4,10,2020,Pharmaceuticals,3004,3803773003.53,4102710330.88
Hong Kong,Asia,4,10,2020,Auto Parts,8708,3421259553.0,5133718888.19
Hong Kong,Asia,4,10,2020,Semiconductors,8542,3014292234.1,3345918251.0
Hong Kong,Asia,4,10,2020,Raw Materials,2601,2919633381.8,3726374955.74
Hong Kong,Asia,4,10,2021,Electronics,8471,9402051097.84,7394719108.67
Hong Kong,Asia,4,10,2021,Pharmaceuticals,3004,5053471053.24,6590890738.9
Hong Kong,Asia,4,10,2021,Auto Parts,8708,5497781778.46,7107305690.87
Hong Kong,Asia,4,10,2021,Semiconductors,8542,4059166750.59,5666498411.38
Hong Kong,Asia,4,10,2021,Raw Materials,2601,3158680894.32,1232559971.07
Hong Kong,Asia,4,10,2022,Electronics,8471,9983152638.68,17335124870.42
Hong Kong,Asia,4,10,2022,Pharmaceuticals,3004,5054508943.16,6747806520.16
Hong Kong,Asia,4,10,2022,Auto Parts,8708,4587811737.25,5063758331.13
Hong Kong,Asia,4,10,2022,Semiconductors,8542,3691812326.55,3601571158.97
Hong Kong,Asia,4,10,2022,Raw Materials,2601,3618212635.53,2971845311.78
Israel,Middle East,5,8,2018,Electronics,8471,3688295340.15,4988837638.92
Israel,Middle East,5,8,2018,Pharmaceuticals,3004,1781880121.14,1281490940.0
Israel,Middle East,5,8,2018,Auto Parts,8708,1560710898.49,2233346397.7
Israel,Middle East,5,8,2018,Semiconductors,8542,1638001621.63,1454461175.2
Israel,Middle East,5,8,2018,Raw Materials,2601,1280791762.42,1108076446.01
Israel,Middle East,5,8,2019,Electronics,8471,3753176981.46,1302162196.08
Israel,Middle East,5,8,2019,Pharmaceuticals,3004,2226369768.88,875533671.38
Israel,Middle East,5,8,2019,Auto Parts,8708,2043263122.03,2407850131.6
Israel,Middle East,5,8,2019,Semiconductors,8542,1648128907.86,467067300.04
Israel,Middle East,5,8,2019,Raw Materials,2601,1167516499.22,648829879.64
Israel,Middle East,5,8,2020,Electronics,8471,2876996889.49,993056745.27
Israel,Middle East,5,8,2020,Pharmaceuticals,3004,1940945887.3,1755707230.73
Israel,Middle East,5,8,2020,Auto Parts,8708,1454295523.61,1041825057.55
Israel,Middle East,5,8,2020,Semiconductors,8542,1266614900.89,1216853654.64
Israel,Middle East,5,8,2020,Raw Materials,2601,1034443061.63,1389536711.92
Israel,Middle East,5,8,2021,Electronics,8471,3654168181.62,5227615062.27
Israel,Middle East,5,8,2021,Pharmaceuticals,3004,2310343448.51,1132559508.59
Israel,Middle East,5,8,2021,Auto Parts,8708,2123984879.62,806348934.64
Israel,Middle East,5,8,2021,Semiconductors,8542,1716780725.42,1196163454.76
Israel,Middle East,5,8,2021,Raw Materials,2601,1396193939.35,1789457133.13
Israel,Middle East,5,8,2022,Electronics,8471,4203343837.14,4993725999.63
Israel,Middle East,5,8,2022,Pharmaceuticals,3004,2071088231.8,698170345.46
Israel,Middle East,5,8,2022,Auto Parts,8708,1922370226.19,861662887.63
Israel,Middle East,5,8,2022,Semiconductors,8542,1746500789.01,1144516323.93
Israel,Middle East,5,8,2022,Raw Materials,2601,1508341639.54,1522167842.34
Sweden,Europe,2,9,2018,Electronics,8471,3562588636.9,5107752981.13
Sweden,Europe,2,9,2018,Pharmaceuticals,3004,2578180535.57,2391349048.87
Sweden,Europe,2,9,2018,Auto Parts,8708,2124838814.83,2767588173.74
Sweden,Europe,2,9,2018,Semiconductors,8542,1548606925.31,1468798233.53
Sweden,Europe,2,9,2018,Raw Materials,2601,1331065381.36,622412680.46
Sweden,Europe,2,9,2019,Electronics,8471,4107033417.24,1486880058.9
Sweden,Europe,2,9,2019,Pharmaceuticals,3004,2096325290.18,948533717.3
Sweden,Europe,2,9,2019,Auto Parts,8708,2505200399.84,2534924285.57
Sweden,Europe,2,9,2019,Semiconductors,8542,2089155606.42,1783871759.56
Sweden,Europe,2,9,2019,Raw Materials,2601,1383614153.27,1318987632.11
Sweden,Europe,2,9,2020,Electronics,8471,3484598094.89,1437910078.21
Sweden,Europe,2,9,2020,Pharmaceuticals,3004,2113678729.86,1187150927.19
Sweden,Europe,2,9,2020,Auto Parts,8708,1890681580.58,2170070386.01
Sweden,Europe,2,9,2020,Semiconductors,8542,1362218940.48,480620806.39
Sweden,Europe,2,9,2020,Raw Materials,2601,1319289209.38,1175131232.22
Sweden,Europe,2,9,2021,Electronics,8471,3749548901.82,6048283077.95
Sweden,Europe,2,9,2021,Pharmaceuticals,3004,2142315395.7,2588554463.14
Sweden,Europe,2,9,2021,Auto Parts,8708,2545565475.26,1509248309.46
Sweden,Europe,2,9,2021,Semiconductors,8542,1653680086.65,717481630.54
Sweden,Europe,2,9,2021,Raw Materials,2601,1394536130.61,566756001.57
Sweden,Europe,2,9,2022,Electronics,8471,4812300231.41,1704006289.13
Sweden,Europe,2,9,2022,Pharmaceuticals,3004,2607349259.96,4212278985.99
Sweden,Europe,2,9,2022,Auto Parts,8708,2560407129.19,2817846443.03
Sweden,Europe,2,9,2022,Semiconductors,8542,1836658368.16,2042840495.99
Sweden,Europe,2,9,2022,Raw Materials,2601,1572655405.11,1329228113.93
Norway,Europe,2,9,2018,Electronics,8471,508821580.57,446343010.26
Norway,Europe,2,9,2018,Pharmaceuticals,3004,236668993.02,181400895.7
Norway,Europe,2,9,2018,Auto Parts,8708,228443369.7,316891196.13
Norway,Europe,2,9,2018,Semiconductors,8542,209097977.35,273617585.13
Norway,Europe,2,9,2018,Raw Materials,2601,133391556.46,110956150.13
Norway,Europe,2,9,2019,Electronics,8471,484302079.26,143309621.82
Norway,Europe,2,9,2019,Pharmaceuticals,3004,258248318.46,334790863.28
Norway,Europe,2,9,2019,Auto Parts,8708,223203368.66,221566992.77
Norway,Europe,2,9,2019,Semiconductors,8542,190892772.1,54664635.63
Norway,Europe,2,9,2019,Raw Materials,2601,154016648.55,244490582.05
Norway,Europe,2,9,2020,Electronics,8471,440687508.72,689864772.46
Norway,Europe,2,9,2020,Pharmaceuticals,3004,230089676.94,96210587.55
Norway,Europe,2,9,2020,Auto Parts,8708,210828368.37,186247762.76
Norway,Europe,2,9,2020,Semiconductors,8542,191090979.73,76897204.74
Norway,Europe,2,9,2020,Raw Materials,2601,138069896.7,65247097.01
Norway,Europe,2,9,2021,Electronics,8471,466320175.88,590096498.21
Norway,Europe,2,9,2021,Pharmaceuticals,3004,279238728.12,217093921.58
Norway,Europe,2,9,2021,Auto Parts,8708,245122500.5,218221075.11
Norway,Europe,2,9,2021,Semiconductors,8542,228983706.25,337593959.47
Norway,Europe,2,9,2021,Raw Materials,2601,191809697.65,255551814.17
Norway,Europe,2,9,2022,Electronics,8471,489422616.54,586808835.78
Norway,Europe,2,9,2022,Pharmaceuticals,3004,290523495.21,178324872.69
Norway,Europe,2,9,2022,Auto Parts,8708,293707499.53,94537269.15
Norway,Europe,2,9,2022,Semiconductors,8542,248812449.36,222188168.03
Norway,Europe,2,9,2022,Raw Materials,2601,184951052.96,214566857.25
Denmark,Europe,2,9,2018,Electronics,8471,2312814592.14,2541344587.01
Denmark,Europe,2,9,2018,Pharmaceuticals,3004,1104507642.83,1071207653.73
Denmark,Europe,2,9,2018,Auto Parts,8708,1022684819.08,1294244033.62
Denmark,Europe,2,9,2018,Semiconductors,8542,955657754.6,1135615279.07
Denmark,Europe,2,9,2018,Raw Materials,2601,656996353.26,252594876.57
Denmark,Europe,2,9,2019,Electronics,8471,2527216820.88,928281749.36
Denmark,Europe,2,9,2019,Pharmaceuticals,3004,1181688329.13,338372248.09
Denmark,Europe,2,9,2019,Auto Parts,8708,1387653004.3,1756263993.61
Denmark,Europe,2,9,2019,Semiconductors,8542,972310184.92,651761913.86
Denmark,Europe,2,9,2019,Raw Materials,2601,776982034.37,1022339182.67
Denmark,Europe,2,9,2020,Electronics,8471,2064587469.88,1073614422.88
Denmark,Europe,2,9,2020,Pharmaceuticals,3004,1015271524.14,408986018.21
Denmark,Europe,2,9,2020,Auto Parts,8708,1061463386.68,1381922467.28
Denmark,Europe,2,9,2020,Semiconductors,8542,784477982.51,233990717.32
Denmark,Europe,2,9,2020,Raw Materials,2601,590540774.72,931053109.16
Denmark,Europe,2,9,2021,Electronics,8471,2251265232.08,2945670806.05
Denmark,Europe,2,9,2021,Pharmaceuticals,3004,1421799806.79,1116992250.75
Denmark,Europe,2,9,2021,Auto Parts,8708,1124579088.99,487923001.22
Denmark,Europe,2,9,2021,Semiconductors,8542,1063373878.81,1399140140.04
Denmark,Europe,2,9,2021,Raw Materials,2601,857826516.74,845737922.43
Denmark,Europe,2,9,2022,Electronics,8471,2177755534.6,3435321918.4
Denmark,Europe,2,9,2022,Pharmaceuticals,3004,1571961004.37,1045840982.11
Denmark,Europe,2,9,2022,Auto Parts,8708,1485368281.36,1607970796.18
Denmark,Europe,2,9,2022,Semiconductors,8542,1108762037.57,1419103192.75
Denmark,Europe,2,9,2022,Raw Materials,2601,946566903.27,1094464309.13
Finland,Europe,2,9,2018,Electronics,8471,428072082.42,651916502.63
Finland,Europe,2,9,2018,Pharmaceuticals,3004,235847112.14,182174319.31
Finland,Europe,2,9,2018,Auto Parts,8708,226662977.35,195654742.24
Finland,Europe,2,9,2018,Semiconductors,8542,199347715.43,307623901.7
Finland,Europe,2,9,2018,Raw Materials,2601,142252243.92,61741294.47
Finland,Europe,2,9,2019,Electronics,8471,436959704.53,641172217.38
Finland,Europe,2,9,2019,Pharmaceuticals,3004,286627553.38,188020270.13
Finland,Europe,2,9,2019,Auto Parts,8708,270579719.88,387700015.01
Finland,Europe,2,9,2019,Semiconductors,8542,227371809.87,343456673.94
Finland,Europe,2,9,2019,Raw Materials,2601,152522101.52,196647752.71
Finland,Europe,2,9,2020,Electronics,8471,394055269.77,554316778.16
Finland,Europe,2,9,2020,Pharmaceuticals,3004,243492013.12,320972158.51
Finland,Europe,2,9,2020,Auto Parts,8708,214692747.68,109392146.42
Finland,Europe,2,9,2020,Semiconductors,8542,173212601.84,277019632.66
Finland,Europe,2,9,2020,Raw Materials,2601,154663544.61,50773651.11
Finland,Europe,2,9,2021,Electronics,8471,436850063.79,195636243.39
Finland,Europe,2,9,2021,Pharmaceuticals,3004,296351736.39,407190307.2
Finland,Europe,2,9,2021,Auto Parts,8708,228314815.24,217561446.69
Finland,Europe,2,9,2021,Semiconductors,8542,229427767.55,288914277.58
Finland,Europe,2,9,2021,Raw Materials,2601,168631888.59,179925061.97
Finland,Europe,2,9,2022,Electronics,8471,512533636.44,344263928.03
Finland,Europe,2,9,2022,Pharmaceuticals,3004,297842347.65,357409374.96
Finland,Europe,2,9,2022,Auto Parts,8708,292376512.73,330091132.1
Finland,Europe,2,9,2022,Semiconductors,8542,236271837.63,114850962.27
Finland,Europe,2,9,2022,Raw Materials,2601,173264638.79,48964186.12
Austria,Europe,2,9,2018,Electronics,8471,773003988.17,1243719691.47
Austria,Europe,2,9,2018,Pharmaceuticals,3004,363880183.66,295477013.87
Austria,Europe,2,9,2018,Auto Parts,8708,405765320.77,221323926.0
Austria,Europe,2,9,2018,Semiconductors,8542,315338480.82,397214934.73
Austria,Europe,2,9,2018,Raw Materials,2601,256804881.65,134522972.17
Austria,Europe,2,9,2019,Electronics,8471,739635966.19,982324512.52
Austria,Europe,2,9,2019,Pharmaceuticals,3004,449004660.95,124401221.61
Austria,Europe,2,9,2019,Auto Parts,8708,428769234.85,136207263.97
Austria,Europe,2,9,2019,Semiconductors,8542,355791016.84,193318606.47
Austria,Europe,2,9,2019,Raw Materials,2601,301519572.93,231181091.26
Austria,Europe,2,9,2020,Electronics,8471,608264071.93,286491689.29
Austria,Europe,2,9,2020,Pharmaceuticals,3004,345233790.81,501789902.25
Austria,Europe,2,9,2020,Auto Parts,8708,379082922.27,290839190.73
Austria,Europe,2,9,2020,Semiconductors,8542,270721686.5,336993209.27
Austria,Europe,2,9,2020,Raw Materials,2601,245453842.14,262785301.4
Austria,Europe,2,9,2021,Electronics,8471,755976696.24,625222577.64
Austria,Europe,2,9,2021,Pharmaceuticals,3004,472721452.73,129688604.27
Austria,Europe,2,9,2021,Auto Parts,8708,416283297.57,312177323.92
Austria,Europe,2,9,2021,Semiconductors,8542,364444986.44,144151609.17
Austria,Europe,2,9,2021,Raw Materials,2601,274999521.32,252810745.32
Austria,Europe,2,9,2022,Electronics,8471,857652210.04,306655565.37
Austria,Europe,2,9,2022,Pharmaceuticals,3004,481296449.84,494774768.87
Austria,Europe,2,9,2022,Auto Parts,8708,430714532.75,467199650.1
Austria,Europe,2,9,2022,Semiconductors,8542,371175933.43,503587435.56
Austria,Europe,2,9,2022,Raw Materials,2601,262537052.92,363303159.18
Belgium,Europe,2,9,2018,Electronics,8471,1139392669.35,397697895.14
Belgium,Europe,2,9,2018,Pharmaceuticals,3004,708615079.16,942182346.68
Belgium,Europe,2,9,2018,Auto Parts,8708,712941882.1,951513768.34
Belgium,Europe,2,9,2018,Semiconductors,8542,562170561.19,485866390.44
Belgium,Europe,2,9,2018,Raw Materials,2601,400097621.81,285293697.18
Belgium,Europe,2,9,2019,Electronics,8471,1366353865.86,532345922.26
Belgium,Europe,2,9,2019,Pharmaceuticals,3004,729777342.52,786411090.68
Belgium,Europe,2,9,2019,Auto Parts,8708,767569569.56,1241750362.74
Belgium,Europe,2,9,2019,Semiconductors,8542,675028654.8,767820131.85
Belgium,Europe,2,9,2019,Raw Materials,2601,466633066.32,526753810.37
Belgium,Europe,2,9,2020,Electronics,8471,1255800635.78,539685167.79
Belgium,Europe,2,9,2020,Pharmaceuticals,3004,643094392.04,902732875.27
Belgium,Europe,2,9,2020,Auto Parts,8708,574132181.67,598261559.92
Belgium,Europe,2,9,2020,Semiconductors,8542,508772052.64,264074542.87
Belgium,Europe,2,9,2020,Raw Materials,2601,380185274.82,274337983.63
Belgium,Europe,2,9,2021,Electronics,8471,1208530422.76,365772465.71
Belgium,Europe,2,9,2021,Pharmaceuticals,3004,885120610.95,565278377.87
Belgium,Europe,2,9,2021,Auto Parts,8708,728442402.38,490445354.19
Belgium,Europe,2,9,2021,Semiconductors,8542,683580211.26,423854336.87
Belgium,Europe,2,9,2021,Raw Materials,2601,472815698.84,684724999.12
Belgium,Europe,2,9,2022,Electronics,8471,1635039323.0,852242851.14
Belgium,Europe,2,9,2022,Pharmaceuticals,3004,924320009.65,821306667.83
Belgium,Europe,2,9,2022,Auto Parts,8708,758748558.82,341587055.43
Belgium,Europe,2,9,2022,Semiconductors,8542,555574584.98,695978318.73
Belgium,Europe,2,9,2022,Raw Materials,2601,507890337.02,436657929.28
Switzerland,Europe,2,9,2018,Electronics,8471,1985660538.45,962104210.38
Switzerland,Europe,2,9,2018,Pharmaceuticals,3004,1085703226.57,491528262.38
Switzerland,Europe,2,9,2018,Auto Parts,8708,1017185148.73,1176770778.41
Switzerland,Europe,2,9,2018,Semiconductors,8542,896186040.51,325399166.65
Switzerland,Europe,2,9,2018,Raw Materials,2601,546778047.03,355926564.46
Switzerland,Europe,2,9,2019,Electronics,8471,1824118398.5,1100712039.02
Switzerland,Europe,2,9,2019,Pharmaceuticals,3004,1259425824.7,764329626.21
Switzerland,Europe,2,9,2019,Auto Parts,8708,941223041.52,1219060463.28
Switzerland,Europe,2,9,2019,Semiconductors,8542,829259915.24,1093428333.46
Switzerland,Europe,2,9,2019,Raw Materials,2601,585737853.63,543694241.52
Switzerland,Europe,2,9,2020,Electronics,8471,1402081629.05,497152662.36
Switzerland,Europe,2,9,2020,Pharmaceuticals,3004,1045106576.72,478639217.45
Switzerland,Europe,2,9,2020,Auto Parts,8708,846526344.05,698366510.55
Switzerland,Europe,2,9,2020,Semiconductors,8542,666647694.13,989821841.18
Switzerland,Europe,2,9,2020,Raw Materials,2601,478736785.72,558262662.16
Switzerland,Europe,2,9,2021,Electronics,8471,2261476638.41,2320788494.02
Switzerland,Europe,2,9,2021,Pharmaceuticals,3004,1283228201.67,437000973.47
Switzerland,Europe,2,9,2021,Auto Parts,8708,996218399.46,618863838.32
Switzerland,Europe,2,9,2021,Semiconductors,8542,909834412.48,1450959404.79
Switzerland,Europe,2,9,2021,Raw Materials,2601,631008382.25,727638300.13
Switzerland,Europe,2,9,2022,Electronics,8471,1900670020.28,1963764365.14
Switzerland,Europe,2,9,2022,Pharmaceuticals,3004,1181340121.09,1869124839.34
Switzerland,Europe,2,9,2022,Auto Parts,8708,1109830818.12,823309793.77
Switzerland,Europe,2,9,2022,Semiconductors,8542,792000811.01,375553493.85
Switzerland,Europe,2,9,2022,Raw Materials,2601,657509549.36,400295096.47
Ukraine,Europe,9,4,2018,Electronics,8471,2157841007.6,936577543.85
Ukraine,Europe,9,4,2018,Pharmaceuticals,3004,1070880316.27,681169638.07
Ukraine,Europe,9,4,2018,Auto Parts,8708,1162574231.35,186710604.06
Ukraine,Europe,9,4,2018,Semiconductors,8542,964731029.9,430388634.11
Ukraine,Europe,9,4,2018,Raw Materials,2601,635326473.02,250941494.86
Ukraine,Europe,9,4,2019,Electronics,8471,2253003618.0,494454817.42
Ukraine,Europe,9,4,2019,Pharmaceuticals,3004,1466304243.63,923750005.75
Ukraine,Europe,9,4,2019,Auto Parts,8708,1223055988.92,486014731.39
Ukraine,Europe,9,4,2019,Semiconductors,8542,944349552.8,482169847.89
Ukraine,Europe,9,4,2019,Raw Materials,2601,786598012.87,123782102.35
Ukraine,Europe,9,4,2020,Electronics,8471,1885180882.27,1138351715.44
Ukraine,Europe,9,4,2020,Pharmaceuticals,3004,1060097404.47,160259108.34
Ukraine,Europe,9,4,2020,Auto Parts,8708,1048853431.86,252583068.19
Ukraine,Europe,9,4,2020,Semiconductors,8542,746628634.77,163380124.05
Ukraine,Europe,9,4,2020,Raw Materials,2601,611133462.68,350821716.36
Ukraine,Europe,9,4,2021,Electronics,8471,2300777187.92,558924959.63
Ukraine,Europe,9,4,2021,Pharmaceuticals,3004,1455289551.41,942662516.04
Ukraine,Europe,9,4,2021,Auto Parts,8708,1307201310.02,344156989.41
Ukraine,Europe,9,4,2021,Semiconductors,8542,966005218.94,686823715.33
Ukraine,Europe,9,4,2021,Raw Materials,2601,848276646.04,115620490.9
Ukraine,Europe,9,4,2022,Electronics,8471,2093788277.09,834079040.14
Ukraine,Europe,9,4,2022,Pharmaceuticals,3004,1544840868.17,684706036.12
Ukraine,Europe,9,4,2022,Auto Parts,8708,1237519025.91,226817709.37
Ukraine,Europe,9,4,2022,Semiconductors,8542,1080479507.61,662616911.82
Ukraine,Europe,9,4,2022,Raw Materials,2601,795938513.5,465916227.83
Russia,Europe/Asia,9,3,2018,Electronics,8471,2170257819.27,706415304.6
Russia,Europe/Asia,9,3,2018,Pharmaceuticals,3004,1274190639.15,569288613.05
Russia,Europe/Asia,9,3,2018,Auto Parts,8708,1253513786.4,470772254.83
Russia,Europe/Asia,9,3,2018,Semiconductors,8542,1112067969.51,298241853.04
Russia,Europe/Asia,9,3,2018,Raw Materials,2601,918362432.6,302933778.16
Russia,Europe/Asia,9,3,2019,Electronics,8471,2283261745.27,920507482.86
Russia,Europe/Asia,9,3,2019,Pharmaceuticals,3004,1581824948.18,367841930.87
Russia,Europe/Asia,9,3,2019,Auto Parts,8708,1448733827.84,721128218.23
Russia,Europe/Asia,9,3,2019,Semiconductors,8542,1017452777.72,541879744.46
Russia,Europe/Asia,9,3,2019,Raw Materials,2601,778319956.15,140803567.83
Russia,Europe/Asia,9,3,2020,Electronics,8471,1911260345.54,940904618.02
Russia,Europe/Asia,9,3,2020,Pharmaceuticals,3004,1262280989.96,200004544.44
Russia,Europe/Asia,9,3,2020,Auto Parts,8708,1066354975.77,391228697.6
Russia,Europe/Asia,9,3,2020,Semiconductors,8542,791760223.16,385656401.43
Russia,Europe/Asia,9,3,2020,Raw Materials,2601,789792785.4,250635249.89
Russia,Europe/Asia,9,3,2021,Electronics,8471,2931766382.89,815008892.26
Russia,Europe/Asia,9,3,2021,Pharmaceuticals,3004,1682781726.42,657233961.29
Russia,Europe/Asia,9,3,2021,Auto Parts,8708,1375869765.08,226577824.12
Russia,Europe/Asia,9,3,2021,Semiconductors,8542,1228303684.98,346836553.18
Russia,Europe/Asia,9,3,2021,Raw Materials,2601,792292239.71,75801279.68
Russia,Europe/Asia,9,3,2022,Electronics,8471,2755274347.3,901883483.58
Russia,Europe/Asia,9,3,2022,Pharmaceuticals,3004,1648498241.0,808779817.19
Russia,Europe/Asia,9,3,2022,Auto Parts,8708,1216398185.94,509881788.48
Russia,Europe/Asia,9,3,2022,Semiconductors,8542,1051252194.14,500584927.01
Russia,Europe/Asia,9,3,2022,Raw Materials,2601,1016859045.52,338977273.78
Iran,Middle East,9,2,2018,Electronics,8471,1694707288.89,341229939.12
Iran,Middle East,9,2,2018,Pharmaceuticals,3004,1124474063.27,222397984.51
Iran,Middle East,9,2,2018,Auto Parts,8708,883594130.6,184020613.13
Iran,Middle East,9,2,2018,Semiconductors,8542,844881296.14,135656180.63
Iran,Middle East,9,2,2018,Raw Materials,2601,555090745.51,151875162.74
Iran,Middle East,9,2,2019,Electronics,8471,2104496533.1,189807159.38
Iran,Middle East,9,2,2019,Pharmaceuticals,3004,1009956472.4,103613047.33
Iran,Middle East,9,2,2019,Auto Parts,8708,940923828.91,183579219.96
Iran,Middle East,9,2,2019,Semiconductors,8542,882911113.47,225446298.57
Iran,Middle East,9,2,2019,Raw Materials,2601,681110056.89,112868439.39
Iran,Middle East,9,2,2020,Electronics,8471,1753666583.88,353164162.1
Iran,Middle East,9,2,2020,Pharmaceuticals,3004,1039633701.97,260160683.76
Iran,Middle East,9,2,2020,Auto Parts,8708,726361429.5,190926475.95
Iran,Middle East,9,2,2020,Semiconductors,8542,645968081.25,171761723.58
Iran,Middle East,9,2,2020,Raw Materials,2601,474976362.97,53417946.47
Iran,Middle East,9,2,2021,Electronics,8471,2144181507.44,274785151.96
Iran,Middle East,9,2,2021,Pharmaceuticals,3004,1219037051.31,175276592.89
Iran,Middle East,9,2,2021,Auto Parts,8708,1039096066.37,278732503.1
Iran,Middle East,9,2,2021,Semiconductors,8542,833474246.98,126349030.72
Iran,Middle East,9,2,2021,Raw Materials,2601,606994146.37,42463371.96
Iran,Middle East,9,2,2022,Electronics,8471,1919438577.83,491278071.99
Iran,Middle East,9,2,2022,Pharmaceuticals,3004,1318599620.9,423746947.26
Iran,Middle East,9,2,2022,Auto Parts,8708,1132544616.67,335838215.24
Iran,Middle East,9,2,2022,Semiconductors,8542,917283335.89,126664039.25
Iran,Middle East,9,2,2022,Raw Materials,2601,784634010.63,204961855.82
Iraq,Middle East,8,3,2018,Electronics,8471,1279559577.06,372575753.09
Iraq,Middle East,8,3,2018,Pharmaceuticals,3004,817937224.4,391835791.78
Iraq,Middle East,8,3,2018,Auto Parts,8708,755429395.37,197303236.1
Iraq,Middle East,8,3,2018,Semiconductors,8542,709640699.43,99224990.63
Iraq,Middle East,8,3,2018,Raw Materials,2601,485128641.81,52835895.88
Iraq,Middle East,8,3,2019,Electronics,8471,1658754630.75,834576596.32
Iraq,Middle East,8,3,2019,Pharmaceuticals,3004,825872586.84,393324920.27
Iraq,Middle East,8,3,2019,Auto Parts,8708,746193393.37,372982210.28
Iraq,Middle East,8,3,2019,Semiconductors,8542,713691634.7,322737102.13
Iraq,Middle East,8,3,2019,Raw Materials,2601,453818778.1,237467328.94
Iraq,Middle East,8,3,2020,Electronics,8471,1371316007.13,311477965.52
Iraq,Middle East,8,3,2020,Pharmaceuticals,3004,806220133.39,174695438.17
Iraq,Middle East,8,3,2020,Auto Parts,8708,734187711.11,103271706.62
Iraq,Middle East,8,3,2020,Semiconductors,8542,583912356.17,194626346.72
Iraq,Middle East,8,3,2020,Raw Materials,2601,386944115.84,76944697.5
Iraq,Middle East,8,3,2021,Electronics,8471,1335090911.24,401789714.59
Iraq,Middle East,8,3,2021,Pharmaceuticals,3004,840349426.89,301904664.47
Iraq,Middle East,8,3,2021,Auto Parts,8708,755342742.21,169924622.66
Iraq,Middle East,8,3,2021,Semiconductors,8542,719118875.5,80299888.73
Iraq,Middle East,8,3,2021,Raw Materials,2601,600983616.95,284577007.15
Iraq,Middle East,8,3,2022,Electronics,8471,1729026495.2,617175500.08
Iraq,Middle East,8,3,2022,Pharmaceuticals,3004,1051368038.23,182305725.72
Iraq,Middle East,8,3,2022,Auto Parts,8708,739662089.9,146290054.86
Iraq,Middle East,8,3,2022,Semiconductors,8542,767842823.4,81085446.08
Iraq,Middle East,8,3,2022,Raw Materials,2601,578417335.94,311157802.53
Venezuela,South America,9,2,2018,Electronics,8471,2144366005.29,169602781.04
Venezuela,South America,9,2,2018,Pharmaceuticals,3004,1338554893.3,320842977.53
Venezuela,South America,9,2,2018,Auto Parts,8708,969183849.78,85440520.38
Venezuela,South America,9,2,2018,Semiconductors,8542,1025353016.51,267371133.47
Venezuela,South America,9,2,2018,Raw Materials,2601,802675625.3,259821019.04
Venezuela,South America,9,2,2019,Electronics,8471,2324934768.71,500404790.36
Venezuela,South America,9,2,2019,Pharmaceuticals,3004,1273387089.15,197481933.2
Venezuela,South America,9,2,2019,Auto Parts,8708,1147512139.67,335261618.26
Venezuela,South America,9,2,2019,Semiconductors,8542,1005223411.4,329468996.57
Venezuela,South America,9,2,2019,Raw Materials,2601,767064402.0,185726905.52
Venezuela,South America,9,2,2020,Electronics,8471,1962931533.48,466214197.46
Venezuela,South America,9,2,2020,Pharmaceuticals,3004,1144766977.85,150227816.88
Venezuela,South America,9,2,2020,Auto Parts,8708,974850475.03,88972108.06
Venezuela,South America,9,2,2020,Semiconductors,8542,781331287.21,161188738.77
Venezuela,South America,9,2,2020,Raw Materials,2601,677068159.0,233696382.49
Venezuela,South America,9,2,2021,Electronics,8471,2369595661.71,670780815.06
Venezuela,South America,9,2,2021,Pharmaceuticals,3004,1316837704.14,329513891.31
Venezuela,South America,9,2,2021,Auto Parts,8708,1030663063.34,140497385.6
Venezuela,South America,9,2,2021,Semiconductors,8542,944920661.87,190635859.84
Venezuela,South America,9,2,2021,Raw Materials,2601,681126992.49,69479877.28
Venezuela,South America,9,2,2022,Electronics,8471,2259088936.53,793978962.24
Venezuela,South America,9,2,2022,Pharmaceuticals,3004,1313542482.71,268766971.44
Venezuela,South America,9,2,2022,Auto Parts,8708,1131664924.88,275259410.47
Venezuela,South America,9,2,2022,Semiconductors,8542,969385353.84,118359793.4
Venezuela,South America,9,2,2022,Raw Materials,2601,834253697.79,51433191.86
Afghanistan,Asia,10,1,2018,Electronics,8471,157232819.79,5583055.1
Afghanistan,Asia,10,1,2018,Pharmaceuticals,3004,86578778.05,6998084.48
Afghanistan,Asia,10,1,2018,Auto Parts,8708,96320807.59,11154652.32
Afghanistan,Asia,10,1,2018,Semiconductors,8542,73867047.8,5467884.37
Afghanistan,Asia,10,1,2018,Raw Materials,2601,66495105.14,5954786.69
Afghanistan,Asia,10,1,2019,Electronics,8471,160691481.93,19694344.4
Afghanistan,Asia,10,1,2019,Pharmaceuticals,3004,92664636.9,7578435.68
Afghanistan,Asia,10,1,2019,Auto Parts,8708,94535398.23,15232808.12
Afghanistan,Asia,10,1,2019,Semiconductors,8542,78452533.76,10617672.95
Afghanistan,Asia,10,1,2019,Raw Materials,2601,72180826.09,3589073.78
Afghanistan,Asia,10,1,2020,Electronics,8471,141906881.73,12656165.53
Afghanistan,Asia,10,1,2020,Pharmaceuticals,3004,84927409.48,7783865.56
Afghanistan,Asia,10,1,2020,Auto Parts,8708,87841368.01,12043481.68
Afghanistan,Asia,10,1,2020,Semiconductors,8542,67336630.03,5144916.34
Afghanistan,Asia,10,1,2020,Raw Materials,2601,57248780.25,9918870.81
Afghanistan,Asia,10,1,2021,Electronics,8471,203223585.72,6144417.51
Afghanistan,Asia,10,1,2021,Pharmaceuticals,3004,110255587.47,4153361.85
Afghanistan,Asia,10,1,2021,Auto Parts,8708,88396994.62,3441180.53
Afghanistan,Asia,10,1,2021,Semiconductors,8542,81914617.24,10893701.01
Afghanistan,Asia,10,1,2021,Raw Materials,2601,56202636.93,4921992.72
Afghanistan,Asia,10,1,2022,Electronics,8471,192556371.13,16436217.73
Afghanistan,Asia,10,1,2022,Pharmaceuticals,3004,98819784.44,9174643.08
Afghanistan,Asia,10,1,2022,Auto Parts,8708,107907891.25,4386579.84
Afghanistan,Asia,10,1,2022,Semiconductors,8542,73090176.05,6082249.71
Afghanistan,Asia,10,1,2022,Raw Materials,2601,75762750.27,9870817.88
Syria,Middle East,10,1,2018,Electronics,8471,1650406751.08,196479469.18
Syria,Middle East,10,1,2018,Pharmaceuticals,3004,839257943.81,105255037.31
Syria,Middle East,10,1,2018,Auto Parts,8708,995244615.37,121306405.34
Syria,Middle East,10,1,2018,Semiconductors,8542,820607037.7,113732818.79
Syria,Middle East,10,1,2018,Raw Materials,2601,523110543.7,86505742.35
Syria,Middle East,10,1,2019,Electronics,8471,1599909823.77,176142265.45
Syria,Middle East,10,1,2019,Pharmaceuticals,3004,938098564.72,29790250.15
Syria,Middle East,10,1,2019,Auto Parts,8708,923709423.42,68591065.0
Syria,Middle East,10,1,2019,Semiconductors,8542,784883183.33,91501668.18
Syria,Middle East,10,1,2019,Raw Materials,2601,544245530.22,26368964.94
Syria,Middle East,10,1,2020,Electronics,8471,1552924575.38,126524689.69
Syria,Middle East,10,1,2020,Pharmaceuticals,3004,931998648.38,119150199.68
Syria,Middle East,10,1,2020,Auto Parts,8708,866212647.32,115963286.12
Syria,Middle East,10,1,2020,Semiconductors,8542,640284673.06,83842072.26
Syria,Middle East,10,1,2020,Raw Materials,2601,487968365.81,37059745.59
Syria,Middle East,10,1,2021,Electronics,8471,2019822763.38,195847928.09
Syria,Middle East,10,1,2021,Pharmaceuticals,3004,1157178035.82,177468707.12
Syria,Middle East,10,1,2021,Auto Parts,8708,1058431750.93,177282328.17
Syria,Middle East,10,1,2021,Semiconductors,8542,780085809.0,60714096.26
Syria,Middle East,10,1,2021,Raw Materials,2601,652977474.3,55944408.97
Syria,Middle East,10,1,2022,Electronics,8471,2015834380.34,273826667.44
Syria,Middle East,10,1,2022,Pharmaceuticals,3004,1181196257.15,101798957.95
Syria,Middle East,10,1,2022,Auto Parts,8708,905642418.1,85655117.22
Syria,Middle East,10,1,2022,Semiconductors,8542,748597861.35,122406646.38
Syria,Middle East,10,1,2022,Raw Materials,2601,639787204.3,34016821.61
Yemen,Middle East,10,1,2018,Electronics,8471,222092940.81,27880514.53
Yemen,Middle East,10,1,2018,Pharmaceuticals,3004,115776711.38,4718686.34
Yemen,Middle East,10,1,2018,Auto Parts,8708,106465093.2,8164022.74
Yemen,Middle East,10,1,2018,Semiconductors,8542,96038946.06,11607928.48
Yemen,Middle East,10,1,2018,Raw Materials,2601,69991071.68,4387312.16
Yemen,Middle East,10,1,2019,Electronics,8471,260570399.7,25562019.58
Yemen,Middle East,10,1,2019,Pharmaceuticals,3004,137217334.56,7009465.57
Yemen,Middle East,10,1,2019,Auto Parts,8708,116387867.45,3972377.04
Yemen,Middle East,10,1,2019,Semiconductors,8542,97570422.66,17036050.56
Yemen,Middle East,10,1,2019,Raw Materials,2601,75221715.14,2696653.5
Yemen,Middle East,10,1,2020,Electronics,8471,162065163.62,14293825.57
Yemen,Middle East,10,1,2020,Pharmaceuticals,3004,96781749.67,3242461.0
Yemen,Middle East,10,1,2020,Auto Parts,8708,104452037.64,10317610.52
Yemen,Middle East,10,1,2020,Semiconductors,8542,75719779.91,12494708.48
Yemen,Middle East,10,1,2020,Raw Materials,2601,57217692.66,9920851.24
Yemen,Middle East,10,1,2021,Electronics,8471,216890220.06,35409616.8
Yemen,Middle East,10,1,2021,Pharmaceuticals,3004,135316836.89,20839618.85
Yemen,Middle East,10,1,2021,Auto Parts,8708,135290675.0,9911505.2
Yemen,Middle East,10,1,2021,Semiconductors,8542,112066555.53,9909180.83
Yemen,Middle East,10,1,2021,Raw Materials,2601,76052784.37,6164691.59
Yemen,Middle East,10,1,2022,Electronics,8471,244804082.18,13004422.84
Yemen,Middle East,10,1,2022,Pharmaceuticals,3004,140398061.06,15620087.63
Yemen,Middle East,10,1,2022,Auto Parts,8708,134125074.66,20795756.75
Yemen,Middle East,10,1,2022,Semiconductors,8542,101777133.73,7668905.74
Yemen,Middle East,10,1,2022,Raw Materials,2601,76917427.37,4553017.54
Philippines,Asia,4,6,2018,Electronics,8471,273592843.79,115790763.04
Philippines,Asia,4,6,2018,Pharmaceuticals,3004,187055809.99,127560454.41
Philippines,Asia,4,6,2018,Auto Parts,8708,140918845.49,98984333.95
Philippines,Asia,4,6,2018,Semiconductors,8542,109749768.03,63615286.87
Philippines,Asia,4,6,2018,Raw Materials,2601,102185476.53,63355817.9
Philippines,Asia,4,6,2019,Electronics,8471,297706738.48,319875039.09
Philippines,Asia,4,6,2019,Pharmaceuticals,3004,195281915.01,144716663.1
Philippines,Asia,4,6,2019,Auto Parts,8708,161038164.95,118941891.95
Philippines,Asia,4,6,2019,Semiconductors,8542,119682457.36,64104792.82
Philippines,Asia,4,6,2019,Raw Materials,2601,90639362.36,55107955.87
Philippines,Asia,4,6,2020,Electronics,8471,257818782.96,99253724.74
Philippines,Asia,4,6,2020,Pharmaceuticals,3004,165695245.73,165448218.94
Philippines,Asia,4,6,2020,Auto Parts,8708,139626662.45,92160294.53
Philippines,Asia,4,6,2020,Semiconductors,8542,121193262.73,36065552.74
Philippines,Asia,4,6,2020,Raw Materials,2601,94874317.85,27735437.83
Philippines,Asia,4,6,2021,Electronics,8471,337371013.92,144459168.2
Philippines,Asia,4,6,2021,Pharmaceuticals,3004,197188035.21,203032271.41
Philippines,Asia,4,6,2021,Auto Parts,8708,142634967.96,85068642.33
Philippines,Asia,4,6,2021,Semiconductors,8542,152032171.55,93509924.89
Philippines,Asia,4,6,2021,Raw Materials,2601,117880978.97,83678799.58
Philippines,Asia,4,6,2022,Electronics,8471,314120016.55,137334904.65
Philippines,Asia,4,6,2022,Pharmaceuticals,3004,169869253.97,147041947.11
Philippines,Asia,4,6,2022,Auto Parts,8708,162111860.14,103775569.43
Philippines,Asia,4,6,2022,Semiconductors,8542,139531537.36,97609444.12
Philippines,Asia,4,6,2022,Raw Materials,2601,124153365.01,131933486.43
Pakistan,Asia,7,4,2018,Electronics,8471,1203160533.68,696289065.7
Pakistan,Asia,7,4,2018,Pharmaceuticals,3004,639820138.47,443797346.1
Pakistan,Asia,7,4,2018,Auto Parts,8708,512783340.25,95151320.87
Pakistan,Asia,7,4,2018,Semiconductors,8542,519364797.96,199171149.23
Pakistan,Asia,7,4,2018,Raw Materials,2601,414703840.38,271985223.59
Pakistan,Asia,7,4,2019,Electronics,8471,1016608555.24,660875728.41
Pakistan,Asia,7,4,2019,Pharmaceuticals,3004,658326116.94,280617757.1
Pakistan,Asia,7,4,2019,Auto Parts,8708,624680297.8,422177413.32
Pakistan,Asia,7,4,2019,Semiconductors,8542,429168388.31,174287892.26
Pakistan,Asia,7,4,2019,Raw Materials,2601,423811380.09,234632225.5
Pakistan,Asia,7,4,2020,Electronics,8471,1027115020.16,206102006.81
Pakistan,Asia,7,4,2020,Pharmaceuticals,3004,521480500.99,174815551.26
Pakistan,Asia,7,4,2020,Auto Parts,8708,544995691.12,156553240.53
Pakistan,Asia,7,4,2020,Semiconductors,8542,380037657.88,263924300.57
Pakistan,Asia,7,4,2020,Raw Materials,2601,283870737.66,204015773.93
Pakistan,Asia,7,4,2021,Electronics,8471,1245399128.83,768512861.74
Pakistan,Asia,7,4,2021,Pharmaceuticals,3004,634168171.7,81547156.68
Pakistan,Asia,7,4,2021,Auto Parts,8708,651630328.58,404327990.12
Pakistan,Asia,7,4,2021,Semiconductors,8542,543421626.81,111787356.53
Pakistan,Asia,7,4,2021,Raw Materials,2601,436312826.51,253652062.64
Pakistan,Asia,7,4,2022,Electronics,8471,1304119080.43,755958133.12
Pakistan,Asia,7,4,2022,Pharmaceuticals,3004,785200408.35,383305369.64
Pakistan,Asia,7,4,2022,Auto Parts,8708,561221328.91,231546835.88
Pakistan,Asia,7,4,2022,Semiconductors,8542,465930926.36,169843852.35
Pakistan,Asia,7,4,2022,Raw Materials,2601,414930983.93,66225435.82
